policy_id,title,sector,region,year,impact_score,goals,text_for_nlp
P1250,National Vocational Education Reform 69,Higher Education,Gujarat,2021,0.594,"Train 2946 teachers, deploy tablets to schools, and set up monitoring systems to measure outcomes.","p1250 national vocational education reform 69 higher education gujarat train 2946 teachers, deploy tablets to schools, and set up monitoring systems to measure outcomes."
P1434,District Primary Education Reform 1,Secondary,Tamil Nadu,2020,0.825,"Train 1235 teachers, deploy tablets to schools, and set up monitoring systems to measure outcomes.","p1434 district primary education reform 1 secondary tamil nadu train 1235 teachers, deploy tablets to schools, and set up monitoring systems to measure outcomes."
P1020,State Secondary Education Reform 56,Early Childhood,Punjab,2025,0.555,Increase vocational skills score by 10% within 2 years and reduce disparities between rural and urban areas.,p1020 state secondary education reform 56 early childhood punjab increase vocational skills score by 10% within 2 years and reduce disparities between rural and urban areas.
P1323,National Vocational Education Reform 46,Early Childhood,Punjab,2015,0.697,Increase infrastructure score by 37% within 4 years and reduce disparities between rural and urban areas.,p1323 national vocational education reform 46 early childhood punjab increase infrastructure score by 37% within 4 years and reduce disparities between rural and urban areas.
P1333,District Early Childhood Education Reform 93,Vocational,Delhi,2024,0.211,Increase learning outcomes score by 18% within 4 years and reduce disparities between rural and urban areas.,p1333 district early childhood education reform 93 vocational delhi increase learning outcomes score by 18% within 4 years and reduce disparities between rural and urban areas.
P1057,National Higher Education Education Reform 40,Higher Education,Punjab,2024,0.144,Increase learning outcomes score by 31% within 3 years and reduce disparities between rural and urban areas.,p1057 national higher education education reform 40 higher education punjab increase learning outcomes score by 31% within 3 years and reduce disparities between rural and urban areas.
P1302,State Primary Education Reform 24,Higher Education,West Bengal,2021,0.21,"Train 3009 teachers, deploy mobile labs to schools, and set up monitoring systems to measure outcomes.","p1302 state primary education reform 24 higher education west bengal train 3009 teachers, deploy mobile labs to schools, and set up monitoring systems to measure outcomes."
P1230,State Early Childhood Education Reform 6,Higher Education,Rajasthan,2024,0.964,"Train 1869 teachers, deploy online modules to schools, and set up monitoring systems to measure outcomes.","p1230 state early childhood education reform 6 higher education rajasthan train 1869 teachers, deploy online modules to schools, and set up monitoring systems to measure outcomes."
P1332,District Vocational Education Reform 97,Vocational,Punjab,2019,0.331,"Train 97 teachers, deploy online modules to schools, and set up monitoring systems to measure outcomes.","p1332 district vocational education reform 97 vocational punjab train 97 teachers, deploy online modules to schools, and set up monitoring systems to measure outcomes."
P1133,District Higher Education Education Reform 22,Higher Education,Tamil Nadu,2019,0.342,"Introduce technology-enabled platforms for learning continuity, improve assessment methods, and strengthen governance.","p1133 district higher education education reform 22 higher education tamil nadu introduce technology-enabled platforms for learning continuity, improve assessment methods, and strengthen governance."
P1138,National Early Childhood Education Reform 18,Vocational,Maharashtra,2024,0.311,Increase teacher quality score by 22% within 2 years and reduce disparities between rural and urban areas.,p1138 national early childhood education reform 18 vocational maharashtra increase teacher quality score by 22% within 2 years and reduce disparities between rural and urban areas.
P1424,District Vocational Education Reform 12,Primary,Tamil Nadu,2025,0.272,Increase digital access score by 17% within 5 years and reduce disparities between rural and urban areas.,p1424 district vocational education reform 12 primary tamil nadu increase digital access score by 17% within 5 years and reduce disparities between rural and urban areas.
P1336,State Vocational Education Reform 61,Primary,Gujarat,2024,0.244,"Introduce technology-enabled platforms for learning continuity, improve assessment methods, and strengthen governance.","p1336 state vocational education reform 61 primary gujarat introduce technology-enabled platforms for learning continuity, improve assessment methods, and strengthen governance."
P1026,State Primary Education Reform 61,Primary,Rajasthan,2015,0.771,"Introduce technology-enabled platforms for learning continuity, improve assessment methods, and strengthen governance.","p1026 state primary education reform 61 primary rajasthan introduce technology-enabled platforms for learning continuity, improve assessment methods, and strengthen governance."
P1465,National Primary Education Reform 2,Secondary,Maharashtra,2020,0.744,"Train 2177 teachers, deploy tablets to schools, and set up monitoring systems to measure outcomes.","p1465 national primary education reform 2 secondary maharashtra train 2177 teachers, deploy tablets to schools, and set up monitoring systems to measure outcomes."
P1282,National Early Childhood Education Reform 8,Higher Education,Tamil Nadu,2016,0.296,"Introduce technology-enabled platforms for learning continuity, improve assessment methods, and strengthen governance.","p1282 national early childhood education reform 8 higher education tamil nadu introduce technology-enabled platforms for learning continuity, improve assessment methods, and strengthen governance."
P1248,National Early Childhood Education Reform 30,Higher Education,Uttar Pradesh,2015,0.756,"Introduce technology-enabled platforms for learning continuity, improve assessment methods, and strengthen governance.","p1248 national early childhood education reform 30 higher education uttar pradesh introduce technology-enabled platforms for learning continuity, improve assessment methods, and strengthen governance."
P1238,State Vocational Education Reform 53,Higher Education,Gujarat,2025,0.217,Increase learning outcomes score by 19% within 2 years and reduce disparities between rural and urban areas.,p1238 state vocational education reform 53 higher education gujarat increase learning outcomes score by 19% within 2 years and reduce disparities between rural and urban areas.
P1118,National Vocational Education Reform 51,Primary,Punjab,2018,0.283,Increase vocational skills score by 28% within 3 years and reduce disparities between rural and urban areas.,p1118 national vocational education reform 51 primary punjab increase vocational skills score by 28% within 3 years and reduce disparities between rural and urban areas.
P1043,National Primary Education Reform 56,Primary,Maharashtra,2022,0.361,"Introduce technology-enabled platforms for learning continuity, improve assessment methods, and strengthen governance.","p1043 national primary education reform 56 primary maharashtra introduce technology-enabled platforms for learning continuity, improve assessment methods, and strengthen governance."
P1221,State Primary Education Reform 8,Higher Education,Tamil Nadu,2023,0.974,"Train 224 teachers, deploy online modules to schools, and set up monitoring systems to measure outcomes.","p1221 state primary education reform 8 higher education tamil nadu train 224 teachers, deploy online modules to schools, and set up monitoring systems to measure outcomes."
P1177,National Vocational Education Reform 85,Early Childhood,Punjab,2020,0.344,"Introduce technology-enabled platforms for learning continuity, improve assessment methods, and strengthen governance.","p1177 national vocational education reform 85 early childhood punjab introduce technology-enabled platforms for learning continuity, improve assessment methods, and strengthen governance."
P1321,District Early Childhood Education Reform 56,Vocational,Gujarat,2016,0.356,"Train 1742 teachers, deploy learning kits to schools, and set up monitoring systems to measure outcomes.","p1321 district early childhood education reform 56 vocational gujarat train 1742 teachers, deploy learning kits to schools, and set up monitoring systems to measure outcomes."
P1154,State Primary Education Reform 12,Vocational,Rajasthan,2021,0.8,"Introduce technology-enabled platforms for learning continuity, improve assessment methods, and strengthen governance.","p1154 state primary education reform 12 vocational rajasthan introduce technology-enabled platforms for learning continuity, improve assessment methods, and strengthen governance."
P1232,National Vocational Education Reform 55,Higher Education,Kerala,2018,0.979,"Introduce technology-enabled platforms for learning continuity, improve assessment methods, and strengthen governance.","p1232 national vocational education reform 55 higher education kerala introduce technology-enabled platforms for learning continuity, improve assessment methods, and strengthen governance."
P1228,National Higher Education Education Reform 3,Higher Education,Rajasthan,2023,0.239,Increase teacher quality score by 24% within 1 years and reduce disparities between rural and urban areas.,p1228 national higher education education reform 3 higher education rajasthan increase teacher quality score by 24% within 1 years and reduce disparities between rural and urban areas.
P1418,State Vocational Education Reform 24,Early Childhood,Delhi,2016,0.105,"Train 2383 teachers, deploy tablets to schools, and set up monitoring systems to measure outcomes.","p1418 state vocational education reform 24 early childhood delhi train 2383 teachers, deploy tablets to schools, and set up monitoring systems to measure outcomes."
P1204,State Early Childhood Education Reform 62,Secondary,Kerala,2022,0.16,"Train 2636 teachers, deploy online modules to schools, and set up monitoring systems to measure outcomes.","p1204 state early childhood education reform 62 secondary kerala train 2636 teachers, deploy online modules to schools, and set up monitoring systems to measure outcomes."
P1127,State Higher Education Education Reform 93,Secondary,West Bengal,2025,0.218,Increase infrastructure score by 26% within 1 years and reduce disparities between rural and urban areas.,p1127 state higher education education reform 93 secondary west bengal increase infrastructure score by 26% within 1 years and reduce disparities between rural and urban areas.
P1330,State Early Childhood Education Reform 81,Early Childhood,Maharashtra,2019,0.367,Increase infrastructure score by 23% within 5 years and reduce disparities between rural and urban areas.,p1330 state early childhood education reform 81 early childhood maharashtra increase infrastructure score by 23% within 5 years and reduce disparities between rural and urban areas.
P1032,State Secondary Education Reform 39,Primary,Rajasthan,2017,0.668,"Train 3895 teachers, deploy online modules to schools, and set up monitoring systems to measure outcomes.","p1032 state secondary education reform 39 primary rajasthan train 3895 teachers, deploy online modules to schools, and set up monitoring systems to measure outcomes."
P1114,District Primary Education Reform 53,Vocational,Tamil Nadu,2025,0.802,Increase learning outcomes score by 39% within 5 years and reduce disparities between rural and urban areas.,p1114 district primary education reform 53 vocational tamil nadu increase learning outcomes score by 39% within 5 years and reduce disparities between rural and urban areas.
P1471,National Primary Education Reform 7,Primary,Punjab,2019,0.723,"Train 1851 teachers, deploy mobile labs to schools, and set up monitoring systems to measure outcomes.","p1471 national primary education reform 7 primary punjab train 1851 teachers, deploy mobile labs to schools, and set up monitoring systems to measure outcomes."
P1272,District Vocational Education Reform 35,Secondary,Kerala,2021,0.851,"Introduce technology-enabled platforms for learning continuity, improve assessment methods, and strengthen governance.","p1272 district vocational education reform 35 secondary kerala introduce technology-enabled platforms for learning continuity, improve assessment methods, and strengthen governance."
P1141,District Higher Education Education Reform 10,Primary,Maharashtra,2018,0.209,"Train 3285 teachers, deploy online modules to schools, and set up monitoring systems to measure outcomes.","p1141 district higher education education reform 10 primary maharashtra train 3285 teachers, deploy online modules to schools, and set up monitoring systems to measure outcomes."
P1058,National Higher Education Education Reform 87,Early Childhood,Gujarat,2023,0.149,"Introduce technology-enabled platforms for learning continuity, improve assessment methods, and strengthen governance.","p1058 national higher education education reform 87 early childhood gujarat introduce technology-enabled platforms for learning continuity, improve assessment methods, and strengthen governance."
P1193,District Secondary Education Reform 49,Vocational,Kerala,2024,0.56,Increase teacher quality score by 37% within 2 years and reduce disparities between rural and urban areas.,p1193 district secondary education reform 49 vocational kerala increase teacher quality score by 37% within 2 years and reduce disparities between rural and urban areas.
P1025,District Secondary Education Reform 60,Secondary,Punjab,2023,0.221,"Train 3155 teachers, deploy mobile labs to schools, and set up monitoring systems to measure outcomes.","p1025 district secondary education reform 60 secondary punjab train 3155 teachers, deploy mobile labs to schools, and set up monitoring systems to measure outcomes."
P1018,District Early Childhood Education Reform 43,Primary,Maharashtra,2019,0.408,"Introduce technology-enabled platforms for learning continuity, improve assessment methods, and strengthen governance.","p1018 district early childhood education reform 43 primary maharashtra introduce technology-enabled platforms for learning continuity, improve assessment methods, and strengthen governance."
P1266,State Secondary Education Reform 63,Secondary,Rajasthan,2015,0.845,Increase digital access score by 27% within 1 years and reduce disparities between rural and urban areas.,p1266 state secondary education reform 63 secondary rajasthan increase digital access score by 27% within 1 years and reduce disparities between rural and urban areas.
P1067,State Vocational Education Reform 99,Higher Education,West Bengal,2023,0.223,Increase teacher quality score by 38% within 1 years and reduce disparities between rural and urban areas.,p1067 state vocational education reform 99 higher education west bengal increase teacher quality score by 38% within 1 years and reduce disparities between rural and urban areas.
P1209,District Higher Education Education Reform 31,Early Childhood,West Bengal,2021,0.257,Increase digital access score by 21% within 5 years and reduce disparities between rural and urban areas.,p1209 district higher education education reform 31 early childhood west bengal increase digital access score by 21% within 5 years and reduce disparities between rural and urban areas.
P1480,State Higher Education Education Reform 55,Vocational,West Bengal,2021,0.179,"Train 4804 teachers, deploy mobile labs to schools, and set up monitoring systems to measure outcomes.","p1480 state higher education education reform 55 vocational west bengal train 4804 teachers, deploy mobile labs to schools, and set up monitoring systems to measure outcomes."
P1095,State Early Childhood Education Reform 57,Primary,Uttar Pradesh,2024,0.217,Increase digital access score by 24% within 1 years and reduce disparities between rural and urban areas.,p1095 state early childhood education reform 57 primary uttar pradesh increase digital access score by 24% within 1 years and reduce disparities between rural and urban areas.
P1254,National Higher Education Education Reform 15,Primary,Punjab,2023,0.383,"Train 1453 teachers, deploy tablets to schools, and set up monitoring systems to measure outcomes.","p1254 national higher education education reform 15 primary punjab train 1453 teachers, deploy tablets to schools, and set up monitoring systems to measure outcomes."
P1267,State Vocational Education Reform 39,Vocational,Rajasthan,2018,0.875,"Introduce technology-enabled platforms for learning continuity, improve assessment methods, and strengthen governance.","p1267 state vocational education reform 39 vocational rajasthan introduce technology-enabled platforms for learning continuity, improve assessment methods, and strengthen governance."
P1024,District Primary Education Reform 98,Early Childhood,West Bengal,2022,0.579,"Train 4049 teachers, deploy learning kits to schools, and set up monitoring systems to measure outcomes.","p1024 district primary education reform 98 early childhood west bengal train 4049 teachers, deploy learning kits to schools, and set up monitoring systems to measure outcomes."
P1223,District Early Childhood Education Reform 49,Secondary,Karnataka,2024,0.686,"Train 4567 teachers, deploy learning kits to schools, and set up monitoring systems to measure outcomes.","p1223 district early childhood education reform 49 secondary karnataka train 4567 teachers, deploy learning kits to schools, and set up monitoring systems to measure outcomes."
P1262,National Primary Education Reform 18,Vocational,Gujarat,2024,0.83,"Introduce technology-enabled platforms for learning continuity, improve assessment methods, and strengthen governance.","p1262 national primary education reform 18 vocational gujarat introduce technology-enabled platforms for learning continuity, improve assessment methods, and strengthen governance."
P1427,District Primary Education Reform 22,Secondary,Karnataka,2023,0.925,Increase teacher quality score by 5% within 3 years and reduce disparities between rural and urban areas.,p1427 district primary education reform 22 secondary karnataka increase teacher quality score by 5% within 3 years and reduce disparities between rural and urban areas.
P1006,District Primary Education Reform 88,Primary,Rajasthan,2019,0.504,"Train 4208 teachers, deploy tablets to schools, and set up monitoring systems to measure outcomes.","p1006 district primary education reform 88 primary rajasthan train 4208 teachers, deploy tablets to schools, and set up monitoring systems to measure outcomes."
P1117,District Vocational Education Reform 41,Primary,Delhi,2015,0.703,Increase infrastructure score by 26% within 5 years and reduce disparities between rural and urban areas.,p1117 district vocational education reform 41 primary delhi increase infrastructure score by 26% within 5 years and reduce disparities between rural and urban areas.
P1046,District Higher Education Education Reform 87,Secondary,Maharashtra,2025,0.616,"Train 2726 teachers, deploy online modules to schools, and set up monitoring systems to measure outcomes.","p1046 district higher education education reform 87 secondary maharashtra train 2726 teachers, deploy online modules to schools, and set up monitoring systems to measure outcomes."
P1017,District Secondary Education Reform 35,Secondary,Maharashtra,2021,0.411,"Introduce technology-enabled platforms for learning continuity, improve assessment methods, and strengthen governance.","p1017 district secondary education reform 35 secondary maharashtra introduce technology-enabled platforms for learning continuity, improve assessment methods, and strengthen governance."
P1463,National Secondary Education Reform 7,Vocational,Gujarat,2015,0.635,"Train 2385 teachers, deploy tablets to schools, and set up monitoring systems to measure outcomes.","p1463 national secondary education reform 7 vocational gujarat train 2385 teachers, deploy tablets to schools, and set up monitoring systems to measure outcomes."
P1358,District Secondary Education Reform 85,Early Childhood,Punjab,2024,0.331,"Introduce technology-enabled platforms for learning continuity, improve assessment methods, and strengthen governance.","p1358 district secondary education reform 85 early childhood punjab introduce technology-enabled platforms for learning continuity, improve assessment methods, and strengthen governance."
P1004,State Vocational Education Reform 35,Early Childhood,Uttar Pradesh,2025,0.457,Increase learning outcomes score by 30% within 4 years and reduce disparities between rural and urban areas.,p1004 state vocational education reform 35 early childhood uttar pradesh increase learning outcomes score by 30% within 4 years and reduce disparities between rural and urban areas.
P1219,State Secondary Education Reform 95,Primary,Uttar Pradesh,2022,0.933,"Train 4552 teachers, deploy tablets to schools, and set up monitoring systems to measure outcomes.","p1219 state secondary education reform 95 primary uttar pradesh train 4552 teachers, deploy tablets to schools, and set up monitoring systems to measure outcomes."
P1406,State Primary Education Reform 16,Primary,Maharashtra,2016,0.527,"Train 3195 teachers, deploy online modules to schools, and set up monitoring systems to measure outcomes.","p1406 state primary education reform 16 primary maharashtra train 3195 teachers, deploy online modules to schools, and set up monitoring systems to measure outcomes."
P1061,State Secondary Education Reform 31,Primary,Tamil Nadu,2019,0.258,"Train 4674 teachers, deploy mobile labs to schools, and set up monitoring systems to measure outcomes.","p1061 state secondary education reform 31 primary tamil nadu train 4674 teachers, deploy mobile labs to schools, and set up monitoring systems to measure outcomes."
P1111,District Higher Education Education Reform 50,Primary,Delhi,2021,0.71,"Train 2248 teachers, deploy online modules to schools, and set up monitoring systems to measure outcomes.","p1111 district higher education education reform 50 primary delhi train 2248 teachers, deploy online modules to schools, and set up monitoring systems to measure outcomes."
P1319,National Higher Education Education Reform 41,Early Childhood,Maharashtra,2016,0.805,"Train 2185 teachers, deploy learning kits to schools, and set up monitoring systems to measure outcomes.","p1319 national higher education education reform 41 early childhood maharashtra train 2185 teachers, deploy learning kits to schools, and set up monitoring systems to measure outcomes."
P1429,District Vocational Education Reform 20,Vocational,Uttar Pradesh,2021,0.509,"Train 1527 teachers, deploy mobile labs to schools, and set up monitoring systems to measure outcomes.","p1429 district vocational education reform 20 vocational uttar pradesh train 1527 teachers, deploy mobile labs to schools, and set up monitoring systems to measure outcomes."
P1030,National Secondary Education Reform 93,Vocational,Gujarat,2023,0.499,"Introduce technology-enabled platforms for learning continuity, improve assessment methods, and strengthen governance.","p1030 national secondary education reform 93 vocational gujarat introduce technology-enabled platforms for learning continuity, improve assessment methods, and strengthen governance."
P1438,District Early Childhood Education Reform 90,Higher Education,Gujarat,2021,0.355,"Train 4999 teachers, deploy learning kits to schools, and set up monitoring systems to measure outcomes.","p1438 district early childhood education reform 90 higher education gujarat train 4999 teachers, deploy learning kits to schools, and set up monitoring systems to measure outcomes."
P1472,State Primary Education Reform 13,Secondary,Rajasthan,2024,0.248,Increase teacher quality score by 26% within 1 years and reduce disparities between rural and urban areas.,p1472 state primary education reform 13 secondary rajasthan increase teacher quality score by 26% within 1 years and reduce disparities between rural and urban areas.
P1027,National Early Childhood Education Reform 78,Primary,Tamil Nadu,2019,0.453,"Introduce technology-enabled platforms for learning continuity, improve assessment methods, and strengthen governance.","p1027 national early childhood education reform 78 primary tamil nadu introduce technology-enabled platforms for learning continuity, improve assessment methods, and strengthen governance."
P1008,National Early Childhood Education Reform 97,Secondary,Delhi,2021,0.208,"Introduce technology-enabled platforms for learning continuity, improve assessment methods, and strengthen governance.","p1008 national early childhood education reform 97 secondary delhi introduce technology-enabled platforms for learning continuity, improve assessment methods, and strengthen governance."
P1454,District Early Childhood Education Reform 41,Higher Education,Tamil Nadu,2024,0.837,Increase early childhood development score by 25% within 5 years and reduce disparities between rural and urban areas.,p1454 district early childhood education reform 41 higher education tamil nadu increase early childhood development score by 25% within 5 years and reduce disparities between rural and urban areas.
P1109,District Early Childhood Education Reform 51,Higher Education,Karnataka,2025,0.938,Increase digital access score by 20% within 1 years and reduce disparities between rural and urban areas.,p1109 district early childhood education reform 51 higher education karnataka increase digital access score by 20% within 1 years and reduce disparities between rural and urban areas.
P1038,District Primary Education Reform 85,Early Childhood,Gujarat,2021,0.657,"Introduce technology-enabled platforms for learning continuity, improve assessment methods, and strengthen governance.","p1038 district primary education reform 85 early childhood gujarat introduce technology-enabled platforms for learning continuity, improve assessment methods, and strengthen governance."
P1158,National Higher Education Education Reform 63,Early Childhood,Gujarat,2017,0.767,"Introduce technology-enabled platforms for learning continuity, improve assessment methods, and strengthen governance.","p1158 national higher education education reform 63 early childhood gujarat introduce technology-enabled platforms for learning continuity, improve assessment methods, and strengthen governance."
P1490,State Higher Education Education Reform 80,Early Childhood,Tamil Nadu,2016,0.17,Increase early childhood development score by 8% within 5 years and reduce disparities between rural and urban areas.,p1490 state higher education education reform 80 early childhood tamil nadu increase early childhood development score by 8% within 5 years and reduce disparities between rural and urban areas.
P1119,District Higher Education Education Reform 77,Vocational,Punjab,2021,0.649,Increase vocational skills score by 12% within 2 years and reduce disparities between rural and urban areas.,p1119 district higher education education reform 77 vocational punjab increase vocational skills score by 12% within 2 years and reduce disparities between rural and urban areas.
P1115,District Primary Education Reform 14,Secondary,Kerala,2017,0.959,"Train 2169 teachers, deploy learning kits to schools, and set up monitoring systems to measure outcomes.","p1115 district primary education reform 14 secondary kerala train 2169 teachers, deploy learning kits to schools, and set up monitoring systems to measure outcomes."
P1176,District Higher Education Education Reform 14,Vocational,Karnataka,2025,0.951,"Introduce technology-enabled platforms for learning continuity, improve assessment methods, and strengthen governance.","p1176 district higher education education reform 14 vocational karnataka introduce technology-enabled platforms for learning continuity, improve assessment methods, and strengthen governance."
P1374,State Secondary Education Reform 55,Vocational,Uttar Pradesh,2022,0.372,"Introduce technology-enabled platforms for learning continuity, improve assessment methods, and strengthen governance.","p1374 state secondary education reform 55 vocational uttar pradesh introduce technology-enabled platforms for learning continuity, improve assessment methods, and strengthen governance."
P1182,National Higher Education Education Reform 68,Secondary,Tamil Nadu,2023,0.182,"Introduce technology-enabled platforms for learning continuity, improve assessment methods, and strengthen governance.","p1182 national higher education education reform 68 secondary tamil nadu introduce technology-enabled platforms for learning continuity, improve assessment methods, and strengthen governance."
P1145,National Secondary Education Reform 78,Secondary,Karnataka,2023,0.818,"Introduce technology-enabled platforms for learning continuity, improve assessment methods, and strengthen governance.","p1145 national secondary education reform 78 secondary karnataka introduce technology-enabled platforms for learning continuity, improve assessment methods, and strengthen governance."
P1370,State Higher Education Education Reform 75,Vocational,Punjab,2025,0.868,Increase digital access score by 28% within 3 years and reduce disparities between rural and urban areas.,p1370 state higher education education reform 75 vocational punjab increase digital access score by 28% within 3 years and reduce disparities between rural and urban areas.
P1391,National Vocational Education Reform 5,Primary,West Bengal,2024,0.554,Increase digital access score by 32% within 2 years and reduce disparities between rural and urban areas.,p1391 national vocational education reform 5 primary west bengal increase digital access score by 32% within 2 years and reduce disparities between rural and urban areas.
P1196,District Secondary Education Reform 75,Secondary,Punjab,2025,0.921,"Introduce technology-enabled platforms for learning continuity, improve assessment methods, and strengthen governance.","p1196 district secondary education reform 75 secondary punjab introduce technology-enabled platforms for learning continuity, improve assessment methods, and strengthen governance."
P1405,State Vocational Education Reform 23,Primary,Maharashtra,2023,0.318,"Train 2529 teachers, deploy learning kits to schools, and set up monitoring systems to measure outcomes.","p1405 state vocational education reform 23 primary maharashtra train 2529 teachers, deploy learning kits to schools, and set up monitoring systems to measure outcomes."
P1276,National Primary Education Reform 15,Vocational,Punjab,2024,0.389,Increase vocational skills score by 7% within 5 years and reduce disparities between rural and urban areas.,p1276 national primary education reform 15 vocational punjab increase vocational skills score by 7% within 5 years and reduce disparities between rural and urban areas.
P1455,District Primary Education Reform 81,Early Childhood,West Bengal,2025,0.123,"Introduce technology-enabled platforms for learning continuity, improve assessment methods, and strengthen governance.","p1455 district primary education reform 81 early childhood west bengal introduce technology-enabled platforms for learning continuity, improve assessment methods, and strengthen governance."
P1142,State Higher Education Education Reform 58,Secondary,Karnataka,2024,0.526,"Introduce technology-enabled platforms for learning continuity, improve assessment methods, and strengthen governance.","p1142 state higher education education reform 58 secondary karnataka introduce technology-enabled platforms for learning continuity, improve assessment methods, and strengthen governance."
P1366,State Early Childhood Education Reform 28,Secondary,Gujarat,2020,0.423,Increase learning outcomes score by 33% within 2 years and reduce disparities between rural and urban areas.,p1366 state early childhood education reform 28 secondary gujarat increase learning outcomes score by 33% within 2 years and reduce disparities between rural and urban areas.
P1068,District Secondary Education Reform 56,Primary,Uttar Pradesh,2022,0.433,Increase digital access score by 11% within 3 years and reduce disparities between rural and urban areas.,p1068 district secondary education reform 56 primary uttar pradesh increase digital access score by 11% within 3 years and reduce disparities between rural and urban areas.
P1211,National Vocational Education Reform 79,Higher Education,Gujarat,2025,0.609,"Introduce technology-enabled platforms for learning continuity, improve assessment methods, and strengthen governance.","p1211 national vocational education reform 79 higher education gujarat introduce technology-enabled platforms for learning continuity, improve assessment methods, and strengthen governance."
P1169,State Secondary Education Reform 1,Primary,Maharashtra,2016,0.167,Increase vocational skills score by 21% within 4 years and reduce disparities between rural and urban areas.,p1169 state secondary education reform 1 primary maharashtra increase vocational skills score by 21% within 4 years and reduce disparities between rural and urban areas.
P1494,District Secondary Education Reform 15,Vocational,Maharashtra,2024,0.312,Increase learning outcomes score by 5% within 2 years and reduce disparities between rural and urban areas.,p1494 district secondary education reform 15 vocational maharashtra increase learning outcomes score by 5% within 2 years and reduce disparities between rural and urban areas.
P1376,National Early Childhood Education Reform 63,Primary,Tamil Nadu,2018,0.687,Increase learning outcomes score by 15% within 3 years and reduce disparities between rural and urban areas.,p1376 national early childhood education reform 63 primary tamil nadu increase learning outcomes score by 15% within 3 years and reduce disparities between rural and urban areas.
P1401,National Early Childhood Education Reform 69,Secondary,West Bengal,2021,0.626,"Train 2638 teachers, deploy learning kits to schools, and set up monitoring systems to measure outcomes.","p1401 national early childhood education reform 69 secondary west bengal train 2638 teachers, deploy learning kits to schools, and set up monitoring systems to measure outcomes."
P1273,National Primary Education Reform 47,Early Childhood,Kerala,2016,0.593,"Train 3245 teachers, deploy tablets to schools, and set up monitoring systems to measure outcomes.","p1273 national primary education reform 47 early childhood kerala train 3245 teachers, deploy tablets to schools, and set up monitoring systems to measure outcomes."
P1110,District Vocational Education Reform 41,Higher Education,Maharashtra,2016,0.191,"Introduce technology-enabled platforms for learning continuity, improve assessment methods, and strengthen governance.","p1110 district vocational education reform 41 higher education maharashtra introduce technology-enabled platforms for learning continuity, improve assessment methods, and strengthen governance."
P1249,State Primary Education Reform 40,Higher Education,Rajasthan,2023,0.452,"Introduce technology-enabled platforms for learning continuity, improve assessment methods, and strengthen governance.","p1249 state primary education reform 40 higher education rajasthan introduce technology-enabled platforms for learning continuity, improve assessment methods, and strengthen governance."
P1146,State Vocational Education Reform 76,Primary,Kerala,2019,0.805,"Train 4653 teachers, deploy mobile labs to schools, and set up monitoring systems to measure outcomes.","p1146 state vocational education reform 76 primary kerala train 4653 teachers, deploy mobile labs to schools, and set up monitoring systems to measure outcomes."
P1093,State Higher Education Education Reform 89,Secondary,Karnataka,2025,0.922,Increase vocational skills score by 19% within 2 years and reduce disparities between rural and urban areas.,p1093 state higher education education reform 89 secondary karnataka increase vocational skills score by 19% within 2 years and reduce disparities between rural and urban areas.
P1153,National Vocational Education Reform 39,Primary,West Bengal,2015,0.254,Increase infrastructure score by 10% within 4 years and reduce disparities between rural and urban areas.,p1153 national vocational education reform 39 primary west bengal increase infrastructure score by 10% within 4 years and reduce disparities between rural and urban areas.
P1368,District Secondary Education Reform 68,Early Childhood,West Bengal,2016,0.574,"Train 2053 teachers, deploy tablets to schools, and set up monitoring systems to measure outcomes.","p1368 district secondary education reform 68 early childhood west bengal train 2053 teachers, deploy tablets to schools, and set up monitoring systems to measure outcomes."
P1468,District Higher Education Education Reform 98,Higher Education,Gujarat,2025,0.443,"Introduce technology-enabled platforms for learning continuity, improve assessment methods, and strengthen governance.","p1468 district higher education education reform 98 higher education gujarat introduce technology-enabled platforms for learning continuity, improve assessment methods, and strengthen governance."
P1084,National Primary Education Reform 51,Higher Education,Kerala,2023,0.545,"Introduce technology-enabled platforms for learning continuity, improve assessment methods, and strengthen governance.","p1084 national primary education reform 51 higher education kerala introduce technology-enabled platforms for learning continuity, improve assessment methods, and strengthen governance."
P1246,District Early Childhood Education Reform 74,Early Childhood,Tamil Nadu,2022,0.387,"Introduce technology-enabled platforms for learning continuity, improve assessment methods, and strengthen governance.","p1246 district early childhood education reform 74 early childhood tamil nadu introduce technology-enabled platforms for learning continuity, improve assessment methods, and strengthen governance."
P1166,District Higher Education Education Reform 56,Secondary,Kerala,2022,0.117,"Introduce technology-enabled platforms for learning continuity, improve assessment methods, and strengthen governance.","p1166 district higher education education reform 56 secondary kerala introduce technology-enabled platforms for learning continuity, improve assessment methods, and strengthen governance."
P1164,District Primary Education Reform 1,Vocational,Delhi,2018,0.215,Increase digital access score by 29% within 1 years and reduce disparities between rural and urban areas.,p1164 district primary education reform 1 vocational delhi increase digital access score by 29% within 1 years and reduce disparities between rural and urban areas.
P1200,District Vocational Education Reform 95,Secondary,Maharashtra,2018,0.8,"Introduce technology-enabled platforms for learning continuity, improve assessment methods, and strengthen governance.","p1200 district vocational education reform 95 secondary maharashtra introduce technology-enabled platforms for learning continuity, improve assessment methods, and strengthen governance."
P1229,State Secondary Education Reform 63,Early Childhood,Maharashtra,2024,0.44,"Introduce technology-enabled platforms for learning continuity, improve assessment methods, and strengthen governance.","p1229 state secondary education reform 63 early childhood maharashtra introduce technology-enabled platforms for learning continuity, improve assessment methods, and strengthen governance."
P1075,State Early Childhood Education Reform 5,Early Childhood,Tamil Nadu,2025,0.611,"Introduce technology-enabled platforms for learning continuity, improve assessment methods, and strengthen governance.","p1075 state early childhood education reform 5 early childhood tamil nadu introduce technology-enabled platforms for learning continuity, improve assessment methods, and strengthen governance."
P1479,District Secondary Education Reform 88,Secondary,Delhi,2017,0.604,"Train 3129 teachers, deploy online modules to schools, and set up monitoring systems to measure outcomes.","p1479 district secondary education reform 88 secondary delhi train 3129 teachers, deploy online modules to schools, and set up monitoring systems to measure outcomes."
P1359,State Primary Education Reform 42,Vocational,West Bengal,2019,0.887,"Train 4411 teachers, deploy online modules to schools, and set up monitoring systems to measure outcomes.","p1359 state primary education reform 42 vocational west bengal train 4411 teachers, deploy online modules to schools, and set up monitoring systems to measure outcomes."
P1251,District Early Childhood Education Reform 50,Secondary,Punjab,2016,0.468,"Train 2529 teachers, deploy learning kits to schools, and set up monitoring systems to measure outcomes.","p1251 district early childhood education reform 50 secondary punjab train 2529 teachers, deploy learning kits to schools, and set up monitoring systems to measure outcomes."
P1120,District Vocational Education Reform 54,Early Childhood,Tamil Nadu,2024,0.717,"Introduce technology-enabled platforms for learning continuity, improve assessment methods, and strengthen governance.","p1120 district vocational education reform 54 early childhood tamil nadu introduce technology-enabled platforms for learning continuity, improve assessment methods, and strengthen governance."
P1311,State Secondary Education Reform 80,Primary,Punjab,2016,0.523,"Train 4184 teachers, deploy mobile labs to schools, and set up monitoring systems to measure outcomes.","p1311 state secondary education reform 80 primary punjab train 4184 teachers, deploy mobile labs to schools, and set up monitoring systems to measure outcomes."
P1300,National Vocational Education Reform 97,Vocational,Karnataka,2018,0.139,Increase teacher quality score by 17% within 2 years and reduce disparities between rural and urban areas.,p1300 national vocational education reform 97 vocational karnataka increase teacher quality score by 17% within 2 years and reduce disparities between rural and urban areas.
P1256,District Vocational Education Reform 13,Vocational,Delhi,2025,0.228,Increase early childhood development score by 25% within 4 years and reduce disparities between rural and urban areas.,p1256 district vocational education reform 13 vocational delhi increase early childhood development score by 25% within 4 years and reduce disparities between rural and urban areas.
P1355,National Early Childhood Education Reform 36,Vocational,Uttar Pradesh,2024,0.343,"Train 3816 teachers, deploy mobile labs to schools, and set up monitoring systems to measure outcomes.","p1355 national early childhood education reform 36 vocational uttar pradesh train 3816 teachers, deploy mobile labs to schools, and set up monitoring systems to measure outcomes."
P1400,District Early Childhood Education Reform 9,Higher Education,West Bengal,2021,0.359,"Introduce technology-enabled platforms for learning continuity, improve assessment methods, and strengthen governance.","p1400 district early childhood education reform 9 higher education west bengal introduce technology-enabled platforms for learning continuity, improve assessment methods, and strengthen governance."
P1226,District Secondary Education Reform 72,Early Childhood,West Bengal,2016,0.886,"Train 4184 teachers, deploy mobile labs to schools, and set up monitoring systems to measure outcomes.","p1226 district secondary education reform 72 early childhood west bengal train 4184 teachers, deploy mobile labs to schools, and set up monitoring systems to measure outcomes."
P1354,National Primary Education Reform 60,Early Childhood,Delhi,2025,0.343,Increase teacher quality score by 7% within 2 years and reduce disparities between rural and urban areas.,p1354 national primary education reform 60 early childhood delhi increase teacher quality score by 7% within 2 years and reduce disparities between rural and urban areas.
P1235,State Early Childhood Education Reform 69,Primary,Tamil Nadu,2018,0.371,"Introduce technology-enabled platforms for learning continuity, improve assessment methods, and strengthen governance.","p1235 state early childhood education reform 69 primary tamil nadu introduce technology-enabled platforms for learning continuity, improve assessment methods, and strengthen governance."
P1383,National Higher Education Education Reform 25,Primary,Uttar Pradesh,2016,0.196,Increase teacher quality score by 32% within 1 years and reduce disparities between rural and urban areas.,p1383 national higher education education reform 25 primary uttar pradesh increase teacher quality score by 32% within 1 years and reduce disparities between rural and urban areas.
P1275,District Early Childhood Education Reform 20,Early Childhood,Uttar Pradesh,2016,0.907,"Introduce technology-enabled platforms for learning continuity, improve assessment methods, and strengthen governance.","p1275 district early childhood education reform 20 early childhood uttar pradesh introduce technology-enabled platforms for learning continuity, improve assessment methods, and strengthen governance."
P1037,District Vocational Education Reform 12,Vocational,Kerala,2021,0.466,"Train 4556 teachers, deploy tablets to schools, and set up monitoring systems to measure outcomes.","p1037 district vocational education reform 12 vocational kerala train 4556 teachers, deploy tablets to schools, and set up monitoring systems to measure outcomes."
P1197,National Early Childhood Education Reform 13,Secondary,Gujarat,2024,0.903,"Train 4326 teachers, deploy online modules to schools, and set up monitoring systems to measure outcomes.","p1197 national early childhood education reform 13 secondary gujarat train 4326 teachers, deploy online modules to schools, and set up monitoring systems to measure outcomes."
P1140,State Early Childhood Education Reform 7,Higher Education,Delhi,2017,0.322,"Train 147 teachers, deploy tablets to schools, and set up monitoring systems to measure outcomes.","p1140 state early childhood education reform 7 higher education delhi train 147 teachers, deploy tablets to schools, and set up monitoring systems to measure outcomes."
P1365,District Secondary Education Reform 9,Higher Education,Uttar Pradesh,2025,0.957,Increase early childhood development score by 34% within 1 years and reduce disparities between rural and urban areas.,p1365 district secondary education reform 9 higher education uttar pradesh increase early childhood development score by 34% within 1 years and reduce disparities between rural and urban areas.
P1245,National Early Childhood Education Reform 36,Early Childhood,Rajasthan,2018,0.133,Increase learning outcomes score by 8% within 1 years and reduce disparities between rural and urban areas.,p1245 national early childhood education reform 36 early childhood rajasthan increase learning outcomes score by 8% within 1 years and reduce disparities between rural and urban areas.
P1440,District Vocational Education Reform 49,Secondary,Karnataka,2020,0.169,"Introduce technology-enabled platforms for learning continuity, improve assessment methods, and strengthen governance.","p1440 district vocational education reform 49 secondary karnataka introduce technology-enabled platforms for learning continuity, improve assessment methods, and strengthen governance."
P1287,State Vocational Education Reform 63,Early Childhood,Rajasthan,2016,0.268,Increase digital access score by 9% within 1 years and reduce disparities between rural and urban areas.,p1287 state vocational education reform 63 early childhood rajasthan increase digital access score by 9% within 1 years and reduce disparities between rural and urban areas.
P1060,District Vocational Education Reform 89,Higher Education,Maharashtra,2021,0.566,"Introduce technology-enabled platforms for learning continuity, improve assessment methods, and strengthen governance.","p1060 district vocational education reform 89 higher education maharashtra introduce technology-enabled platforms for learning continuity, improve assessment methods, and strengthen governance."
P1112,State Primary Education Reform 47,Higher Education,Uttar Pradesh,2025,0.106,"Train 2749 teachers, deploy online modules to schools, and set up monitoring systems to measure outcomes.","p1112 state primary education reform 47 higher education uttar pradesh train 2749 teachers, deploy online modules to schools, and set up monitoring systems to measure outcomes."
P1090,State Secondary Education Reform 97,Higher Education,Kerala,2019,0.576,"Train 1490 teachers, deploy tablets to schools, and set up monitoring systems to measure outcomes.","p1090 state secondary education reform 97 higher education kerala train 1490 teachers, deploy tablets to schools, and set up monitoring systems to measure outcomes."
P1437,District Secondary Education Reform 49,Primary,West Bengal,2020,0.875,Increase learning outcomes score by 9% within 1 years and reduce disparities between rural and urban areas.,p1437 district secondary education reform 49 primary west bengal increase learning outcomes score by 9% within 1 years and reduce disparities between rural and urban areas.
P1007,District Primary Education Reform 77,Higher Education,Gujarat,2015,0.881,"Introduce technology-enabled platforms for learning continuity, improve assessment methods, and strengthen governance.","p1007 district primary education reform 77 higher education gujarat introduce technology-enabled platforms for learning continuity, improve assessment methods, and strengthen governance."
P1361,National Primary Education Reform 77,Early Childhood,Gujarat,2016,0.916,"Introduce technology-enabled platforms for learning continuity, improve assessment methods, and strengthen governance.","p1361 national primary education reform 77 early childhood gujarat introduce technology-enabled platforms for learning continuity, improve assessment methods, and strengthen governance."
P1347,State Primary Education Reform 16,Higher Education,Punjab,2019,0.37,Increase digital access score by 8% within 3 years and reduce disparities between rural and urban areas.,p1347 state primary education reform 16 higher education punjab increase digital access score by 8% within 3 years and reduce disparities between rural and urban areas.
P1339,District Primary Education Reform 91,Primary,Gujarat,2022,0.796,"Train 1418 teachers, deploy tablets to schools, and set up monitoring systems to measure outcomes.","p1339 district primary education reform 91 primary gujarat train 1418 teachers, deploy tablets to schools, and set up monitoring systems to measure outcomes."
P1159,State Vocational Education Reform 66,Primary,Karnataka,2022,0.817,"Train 3521 teachers, deploy online modules to schools, and set up monitoring systems to measure outcomes.","p1159 state vocational education reform 66 primary karnataka train 3521 teachers, deploy online modules to schools, and set up monitoring systems to measure outcomes."
P1151,National Primary Education Reform 4,Secondary,Tamil Nadu,2025,0.799,Increase digital access score by 16% within 3 years and reduce disparities between rural and urban areas.,p1151 national primary education reform 4 secondary tamil nadu increase digital access score by 16% within 3 years and reduce disparities between rural and urban areas.
P1178,National Secondary Education Reform 80,Higher Education,Kerala,2025,0.6,"Train 4423 teachers, deploy mobile labs to schools, and set up monitoring systems to measure outcomes.","p1178 national secondary education reform 80 higher education kerala train 4423 teachers, deploy mobile labs to schools, and set up monitoring systems to measure outcomes."
P1394,District Vocational Education Reform 84,Higher Education,West Bengal,2017,0.533,"Train 1570 teachers, deploy learning kits to schools, and set up monitoring systems to measure outcomes.","p1394 district vocational education reform 84 higher education west bengal train 1570 teachers, deploy learning kits to schools, and set up monitoring systems to measure outcomes."
P1185,National Higher Education Education Reform 72,Primary,Punjab,2018,0.485,Increase learning outcomes score by 9% within 5 years and reduce disparities between rural and urban areas.,p1185 national higher education education reform 72 primary punjab increase learning outcomes score by 9% within 5 years and reduce disparities between rural and urban areas.
P1450,District Primary Education Reform 58,Secondary,Gujarat,2025,0.474,"Train 1820 teachers, deploy mobile labs to schools, and set up monitoring systems to measure outcomes.","p1450 district primary education reform 58 secondary gujarat train 1820 teachers, deploy mobile labs to schools, and set up monitoring systems to measure outcomes."
P1011,State Primary Education Reform 22,Vocational,Karnataka,2021,0.689,Increase digital access score by 39% within 1 years and reduce disparities between rural and urban areas.,p1011 state primary education reform 22 vocational karnataka increase digital access score by 39% within 1 years and reduce disparities between rural and urban areas.
P1381,State Primary Education Reform 11,Early Childhood,Uttar Pradesh,2022,0.846,"Train 1067 teachers, deploy online modules to schools, and set up monitoring systems to measure outcomes.","p1381 state primary education reform 11 early childhood uttar pradesh train 1067 teachers, deploy online modules to schools, and set up monitoring systems to measure outcomes."
P1104,District Higher Education Education Reform 33,Vocational,Gujarat,2022,0.535,Increase early childhood development score by 5% within 4 years and reduce disparities between rural and urban areas.,p1104 district higher education education reform 33 vocational gujarat increase early childhood development score by 5% within 4 years and reduce disparities between rural and urban areas.
P1082,District Higher Education Education Reform 25,Secondary,Gujarat,2023,0.941,"Introduce technology-enabled platforms for learning continuity, improve assessment methods, and strengthen governance.","p1082 district higher education education reform 25 secondary gujarat introduce technology-enabled platforms for learning continuity, improve assessment methods, and strengthen governance."
P1039,State Early Childhood Education Reform 2,Early Childhood,West Bengal,2016,0.544,Increase vocational skills score by 35% within 2 years and reduce disparities between rural and urban areas.,p1039 state early childhood education reform 2 early childhood west bengal increase vocational skills score by 35% within 2 years and reduce disparities between rural and urban areas.
P1315,State Secondary Education Reform 31,Primary,Punjab,2023,0.634,Increase teacher quality score by 18% within 2 years and reduce disparities between rural and urban areas.,p1315 state secondary education reform 31 primary punjab increase teacher quality score by 18% within 2 years and reduce disparities between rural and urban areas.
P1168,District Early Childhood Education Reform 90,Secondary,West Bengal,2016,0.543,"Train 2982 teachers, deploy online modules to schools, and set up monitoring systems to measure outcomes.","p1168 district early childhood education reform 90 secondary west bengal train 2982 teachers, deploy online modules to schools, and set up monitoring systems to measure outcomes."
P1470,District Higher Education Education Reform 7,Vocational,Delhi,2020,0.273,Increase infrastructure score by 38% within 4 years and reduce disparities between rural and urban areas.,p1470 district higher education education reform 7 vocational delhi increase infrastructure score by 38% within 4 years and reduce disparities between rural and urban areas.
P1297,National Primary Education Reform 35,Higher Education,West Bengal,2025,0.557,"Introduce technology-enabled platforms for learning continuity, improve assessment methods, and strengthen governance.","p1297 national primary education reform 35 higher education west bengal introduce technology-enabled platforms for learning continuity, improve assessment methods, and strengthen governance."
P1475,National Secondary Education Reform 74,Vocational,Kerala,2018,0.668,"Introduce technology-enabled platforms for learning continuity, improve assessment methods, and strengthen governance.","p1475 national secondary education reform 74 vocational kerala introduce technology-enabled platforms for learning continuity, improve assessment methods, and strengthen governance."
P1199,State Primary Education Reform 20,Vocational,Punjab,2019,0.772,"Train 1514 teachers, deploy mobile labs to schools, and set up monitoring systems to measure outcomes.","p1199 state primary education reform 20 vocational punjab train 1514 teachers, deploy mobile labs to schools, and set up monitoring systems to measure outcomes."
P1298,District Early Childhood Education Reform 46,Secondary,Karnataka,2017,0.403,"Train 4173 teachers, deploy learning kits to schools, and set up monitoring systems to measure outcomes.","p1298 district early childhood education reform 46 secondary karnataka train 4173 teachers, deploy learning kits to schools, and set up monitoring systems to measure outcomes."
P1417,State Primary Education Reform 1,Higher Education,Tamil Nadu,2021,0.175,"Train 4042 teachers, deploy tablets to schools, and set up monitoring systems to measure outcomes.","p1417 state primary education reform 1 higher education tamil nadu train 4042 teachers, deploy tablets to schools, and set up monitoring systems to measure outcomes."
P1147,National Primary Education Reform 90,Early Childhood,West Bengal,2024,0.297,"Introduce technology-enabled platforms for learning continuity, improve assessment methods, and strengthen governance.","p1147 national primary education reform 90 early childhood west bengal introduce technology-enabled platforms for learning continuity, improve assessment methods, and strengthen governance."
P1393,District Early Childhood Education Reform 85,Vocational,Punjab,2019,0.791,Increase teacher quality score by 5% within 2 years and reduce disparities between rural and urban areas.,p1393 district early childhood education reform 85 vocational punjab increase teacher quality score by 5% within 2 years and reduce disparities between rural and urban areas.
P1148,State Primary Education Reform 34,Secondary,Uttar Pradesh,2016,0.443,"Train 4089 teachers, deploy online modules to schools, and set up monitoring systems to measure outcomes.","p1148 state primary education reform 34 secondary uttar pradesh train 4089 teachers, deploy online modules to schools, and set up monitoring systems to measure outcomes."
P1448,National Primary Education Reform 36,Vocational,Maharashtra,2019,0.264,"Train 2482 teachers, deploy learning kits to schools, and set up monitoring systems to measure outcomes.","p1448 national primary education reform 36 vocational maharashtra train 2482 teachers, deploy learning kits to schools, and set up monitoring systems to measure outcomes."
P1288,National Secondary Education Reform 67,Primary,Delhi,2021,0.757,"Train 230 teachers, deploy learning kits to schools, and set up monitoring systems to measure outcomes.","p1288 national secondary education reform 67 primary delhi train 230 teachers, deploy learning kits to schools, and set up monitoring systems to measure outcomes."
P1124,National Vocational Education Reform 8,Higher Education,Tamil Nadu,2017,0.536,"Introduce technology-enabled platforms for learning continuity, improve assessment methods, and strengthen governance.","p1124 national vocational education reform 8 higher education tamil nadu introduce technology-enabled platforms for learning continuity, improve assessment methods, and strengthen governance."
P1369,District Higher Education Education Reform 17,Early Childhood,Punjab,2022,0.158,"Introduce technology-enabled platforms for learning continuity, improve assessment methods, and strengthen governance.","p1369 district higher education education reform 17 early childhood punjab introduce technology-enabled platforms for learning continuity, improve assessment methods, and strengthen governance."
P1097,District Higher Education Education Reform 16,Secondary,Rajasthan,2021,0.971,Increase digital access score by 19% within 2 years and reduce disparities between rural and urban areas.,p1097 district higher education education reform 16 secondary rajasthan increase digital access score by 19% within 2 years and reduce disparities between rural and urban areas.
P1144,District Primary Education Reform 98,Secondary,Punjab,2021,0.818,"Train 2930 teachers, deploy learning kits to schools, and set up monitoring systems to measure outcomes.","p1144 district primary education reform 98 secondary punjab train 2930 teachers, deploy learning kits to schools, and set up monitoring systems to measure outcomes."
P1240,National Vocational Education Reform 52,Primary,Punjab,2021,0.628,"Introduce technology-enabled platforms for learning continuity, improve assessment methods, and strengthen governance.","p1240 national vocational education reform 52 primary punjab introduce technology-enabled platforms for learning continuity, improve assessment methods, and strengthen governance."
P1443,State Vocational Education Reform 17,Higher Education,Delhi,2020,0.313,"Introduce technology-enabled platforms for learning continuity, improve assessment methods, and strengthen governance.","p1443 state vocational education reform 17 higher education delhi introduce technology-enabled platforms for learning continuity, improve assessment methods, and strengthen governance."
P1098,District Primary Education Reform 5,Vocational,Punjab,2015,0.497,Increase vocational skills score by 33% within 2 years and reduce disparities between rural and urban areas.,p1098 district primary education reform 5 vocational punjab increase vocational skills score by 33% within 2 years and reduce disparities between rural and urban areas.
P1408,District Secondary Education Reform 84,Secondary,Maharashtra,2023,0.366,"Introduce technology-enabled platforms for learning continuity, improve assessment methods, and strengthen governance.","p1408 district secondary education reform 84 secondary maharashtra introduce technology-enabled platforms for learning continuity, improve assessment methods, and strengthen governance."
P1123,State Primary Education Reform 31,Secondary,Punjab,2020,0.824,"Train 4939 teachers, deploy learning kits to schools, and set up monitoring systems to measure outcomes.","p1123 state primary education reform 31 secondary punjab train 4939 teachers, deploy learning kits to schools, and set up monitoring systems to measure outcomes."
P1184,State Early Childhood Education Reform 11,Primary,Tamil Nadu,2023,0.87,Increase digital access score by 6% within 4 years and reduce disparities between rural and urban areas.,p1184 state early childhood education reform 11 primary tamil nadu increase digital access score by 6% within 4 years and reduce disparities between rural and urban areas.
P1203,District Higher Education Education Reform 45,Higher Education,Uttar Pradesh,2024,0.256,"Introduce technology-enabled platforms for learning continuity, improve assessment methods, and strengthen governance.","p1203 district higher education education reform 45 higher education uttar pradesh introduce technology-enabled platforms for learning continuity, improve assessment methods, and strengthen governance."
P1247,National Secondary Education Reform 79,Primary,Maharashtra,2024,0.931,"Introduce technology-enabled platforms for learning continuity, improve assessment methods, and strengthen governance.","p1247 national secondary education reform 79 primary maharashtra introduce technology-enabled platforms for learning continuity, improve assessment methods, and strengthen governance."
P1306,National Primary Education Reform 85,Early Childhood,Gujarat,2022,0.583,"Train 3575 teachers, deploy tablets to schools, and set up monitoring systems to measure outcomes.","p1306 national primary education reform 85 early childhood gujarat train 3575 teachers, deploy tablets to schools, and set up monitoring systems to measure outcomes."
P1299,National Primary Education Reform 62,Higher Education,Delhi,2020,0.126,"Train 1906 teachers, deploy mobile labs to schools, and set up monitoring systems to measure outcomes.","p1299 national primary education reform 62 higher education delhi train 1906 teachers, deploy mobile labs to schools, and set up monitoring systems to measure outcomes."
P1352,District Primary Education Reform 39,Vocational,Maharashtra,2020,0.146,"Train 4088 teachers, deploy online modules to schools, and set up monitoring systems to measure outcomes.","p1352 district primary education reform 39 vocational maharashtra train 4088 teachers, deploy online modules to schools, and set up monitoring systems to measure outcomes."
P1387,District Higher Education Education Reform 44,Secondary,Uttar Pradesh,2023,0.564,Increase infrastructure score by 9% within 2 years and reduce disparities between rural and urban areas.,p1387 district higher education education reform 44 secondary uttar pradesh increase infrastructure score by 9% within 2 years and reduce disparities between rural and urban areas.
P1396,State Early Childhood Education Reform 67,Higher Education,Gujarat,2022,0.99,"Train 3150 teachers, deploy tablets to schools, and set up monitoring systems to measure outcomes.","p1396 state early childhood education reform 67 higher education gujarat train 3150 teachers, deploy tablets to schools, and set up monitoring systems to measure outcomes."
P1285,State Vocational Education Reform 91,Primary,Maharashtra,2021,0.721,Increase early childhood development score by 8% within 5 years and reduce disparities between rural and urban areas.,p1285 state vocational education reform 91 primary maharashtra increase early childhood development score by 8% within 5 years and reduce disparities between rural and urban areas.
P1126,National Primary Education Reform 81,Vocational,Karnataka,2016,0.28,"Train 1352 teachers, deploy mobile labs to schools, and set up monitoring systems to measure outcomes.","p1126 national primary education reform 81 vocational karnataka train 1352 teachers, deploy mobile labs to schools, and set up monitoring systems to measure outcomes."
P1303,State Vocational Education Reform 77,Higher Education,Gujarat,2018,0.268,"Introduce technology-enabled platforms for learning continuity, improve assessment methods, and strengthen governance.","p1303 state vocational education reform 77 higher education gujarat introduce technology-enabled platforms for learning continuity, improve assessment methods, and strengthen governance."
P1224,District Primary Education Reform 6,Secondary,Tamil Nadu,2015,0.608,Increase digital access score by 19% within 5 years and reduce disparities between rural and urban areas.,p1224 district primary education reform 6 secondary tamil nadu increase digital access score by 19% within 5 years and reduce disparities between rural and urban areas.
P1419,District Secondary Education Reform 62,Higher Education,Maharashtra,2021,0.547,Increase vocational skills score by 13% within 2 years and reduce disparities between rural and urban areas.,p1419 district secondary education reform 62 higher education maharashtra increase vocational skills score by 13% within 2 years and reduce disparities between rural and urban areas.
P1220,National Secondary Education Reform 82,Vocational,Kerala,2015,0.108,"Train 4934 teachers, deploy learning kits to schools, and set up monitoring systems to measure outcomes.","p1220 national secondary education reform 82 vocational kerala train 4934 teachers, deploy learning kits to schools, and set up monitoring systems to measure outcomes."
P1130,National Vocational Education Reform 50,Primary,Uttar Pradesh,2022,0.217,"Train 3908 teachers, deploy tablets to schools, and set up monitoring systems to measure outcomes.","p1130 national vocational education reform 50 primary uttar pradesh train 3908 teachers, deploy tablets to schools, and set up monitoring systems to measure outcomes."
P1421,District Primary Education Reform 90,Early Childhood,Punjab,2017,0.134,"Train 1685 teachers, deploy tablets to schools, and set up monitoring systems to measure outcomes.","p1421 district primary education reform 90 early childhood punjab train 1685 teachers, deploy tablets to schools, and set up monitoring systems to measure outcomes."
P1290,National Secondary Education Reform 21,Secondary,Maharashtra,2015,0.283,"Train 2866 teachers, deploy learning kits to schools, and set up monitoring systems to measure outcomes.","p1290 national secondary education reform 21 secondary maharashtra train 2866 teachers, deploy learning kits to schools, and set up monitoring systems to measure outcomes."
P1445,State Early Childhood Education Reform 88,Secondary,Gujarat,2020,0.55,Increase teacher quality score by 14% within 1 years and reduce disparities between rural and urban areas.,p1445 state early childhood education reform 88 secondary gujarat increase teacher quality score by 14% within 1 years and reduce disparities between rural and urban areas.
P1377,District Vocational Education Reform 62,Primary,West Bengal,2018,0.241,"Train 4166 teachers, deploy online modules to schools, and set up monitoring systems to measure outcomes.","p1377 district vocational education reform 62 primary west bengal train 4166 teachers, deploy online modules to schools, and set up monitoring systems to measure outcomes."
P1292,State Primary Education Reform 52,Early Childhood,Uttar Pradesh,2022,0.619,"Train 734 teachers, deploy online modules to schools, and set up monitoring systems to measure outcomes.","p1292 state primary education reform 52 early childhood uttar pradesh train 734 teachers, deploy online modules to schools, and set up monitoring systems to measure outcomes."
P1356,District Secondary Education Reform 53,Early Childhood,Gujarat,2021,0.698,Increase teacher quality score by 5% within 1 years and reduce disparities between rural and urban areas.,p1356 district secondary education reform 53 early childhood gujarat increase teacher quality score by 5% within 1 years and reduce disparities between rural and urban areas.
P1295,District Vocational Education Reform 6,Higher Education,Punjab,2019,0.237,"Introduce technology-enabled platforms for learning continuity, improve assessment methods, and strengthen governance.","p1295 district vocational education reform 6 higher education punjab introduce technology-enabled platforms for learning continuity, improve assessment methods, and strengthen governance."
P1397,National Early Childhood Education Reform 16,Early Childhood,Delhi,2018,0.103,"Introduce technology-enabled platforms for learning continuity, improve assessment methods, and strengthen governance.","p1397 national early childhood education reform 16 early childhood delhi introduce technology-enabled platforms for learning continuity, improve assessment methods, and strengthen governance."
P1341,District Vocational Education Reform 30,Secondary,West Bengal,2021,0.23,Increase learning outcomes score by 25% within 4 years and reduce disparities between rural and urban areas.,p1341 district vocational education reform 30 secondary west bengal increase learning outcomes score by 25% within 4 years and reduce disparities between rural and urban areas.
P1113,State Higher Education Education Reform 23,Vocational,Kerala,2019,0.827,Increase digital access score by 40% within 1 years and reduce disparities between rural and urban areas.,p1113 state higher education education reform 23 vocational kerala increase digital access score by 40% within 1 years and reduce disparities between rural and urban areas.
P1180,State Vocational Education Reform 54,Higher Education,Rajasthan,2015,0.839,"Introduce technology-enabled platforms for learning continuity, improve assessment methods, and strengthen governance.","p1180 state vocational education reform 54 higher education rajasthan introduce technology-enabled platforms for learning continuity, improve assessment methods, and strengthen governance."
P1308,District Higher Education Education Reform 99,Higher Education,Kerala,2015,0.821,"Train 3167 teachers, deploy tablets to schools, and set up monitoring systems to measure outcomes.","p1308 district higher education education reform 99 higher education kerala train 3167 teachers, deploy tablets to schools, and set up monitoring systems to measure outcomes."
P1433,State Higher Education Education Reform 10,Early Childhood,Kerala,2016,0.481,"Train 1280 teachers, deploy mobile labs to schools, and set up monitoring systems to measure outcomes.","p1433 state higher education education reform 10 early childhood kerala train 1280 teachers, deploy mobile labs to schools, and set up monitoring systems to measure outcomes."
P1488,District Primary Education Reform 57,Higher Education,Punjab,2025,0.436,Increase vocational skills score by 36% within 4 years and reduce disparities between rural and urban areas.,p1488 district primary education reform 57 higher education punjab increase vocational skills score by 36% within 4 years and reduce disparities between rural and urban areas.
P1482,District Vocational Education Reform 18,Secondary,Tamil Nadu,2019,0.712,Increase learning outcomes score by 38% within 1 years and reduce disparities between rural and urban areas.,p1482 district vocational education reform 18 secondary tamil nadu increase learning outcomes score by 38% within 1 years and reduce disparities between rural and urban areas.
P1423,State Vocational Education Reform 36,Early Childhood,Maharashtra,2021,0.199,"Introduce technology-enabled platforms for learning continuity, improve assessment methods, and strengthen governance.","p1423 state vocational education reform 36 early childhood maharashtra introduce technology-enabled platforms for learning continuity, improve assessment methods, and strengthen governance."
P1234,District Early Childhood Education Reform 6,Higher Education,Tamil Nadu,2015,0.159,"Introduce technology-enabled platforms for learning continuity, improve assessment methods, and strengthen governance.","p1234 district early childhood education reform 6 higher education tamil nadu introduce technology-enabled platforms for learning continuity, improve assessment methods, and strengthen governance."
P1312,District Early Childhood Education Reform 59,Early Childhood,Tamil Nadu,2015,0.338,Increase vocational skills score by 38% within 2 years and reduce disparities between rural and urban areas.,p1312 district early childhood education reform 59 early childhood tamil nadu increase vocational skills score by 38% within 2 years and reduce disparities between rural and urban areas.
P1165,State Early Childhood Education Reform 25,Primary,Karnataka,2025,0.378,"Introduce technology-enabled platforms for learning continuity, improve assessment methods, and strengthen governance.","p1165 state early childhood education reform 25 primary karnataka introduce technology-enabled platforms for learning continuity, improve assessment methods, and strengthen governance."
P1137,National Vocational Education Reform 95,Higher Education,Maharashtra,2018,0.966,"Introduce technology-enabled platforms for learning continuity, improve assessment methods, and strengthen governance.","p1137 national vocational education reform 95 higher education maharashtra introduce technology-enabled platforms for learning continuity, improve assessment methods, and strengthen governance."
P1198,District Early Childhood Education Reform 13,Vocational,Tamil Nadu,2019,0.464,Increase infrastructure score by 38% within 1 years and reduce disparities between rural and urban areas.,p1198 district early childhood education reform 13 vocational tamil nadu increase infrastructure score by 38% within 1 years and reduce disparities between rural and urban areas.
P1259,National Early Childhood Education Reform 14,Early Childhood,West Bengal,2020,0.89,Increase vocational skills score by 29% within 5 years and reduce disparities between rural and urban areas.,p1259 national early childhood education reform 14 early childhood west bengal increase vocational skills score by 29% within 5 years and reduce disparities between rural and urban areas.
P1233,District Primary Education Reform 32,Early Childhood,Tamil Nadu,2019,0.12,"Introduce technology-enabled platforms for learning continuity, improve assessment methods, and strengthen governance.","p1233 district primary education reform 32 early childhood tamil nadu introduce technology-enabled platforms for learning continuity, improve assessment methods, and strengthen governance."
P1116,District Early Childhood Education Reform 89,Early Childhood,Tamil Nadu,2020,0.203,"Train 2860 teachers, deploy online modules to schools, and set up monitoring systems to measure outcomes.","p1116 district early childhood education reform 89 early childhood tamil nadu train 2860 teachers, deploy online modules to schools, and set up monitoring systems to measure outcomes."
P1121,National Vocational Education Reform 18,Secondary,West Bengal,2023,0.732,Increase digital access score by 19% within 3 years and reduce disparities between rural and urban areas.,p1121 national vocational education reform 18 secondary west bengal increase digital access score by 19% within 3 years and reduce disparities between rural and urban areas.
P1350,District Early Childhood Education Reform 25,Vocational,Rajasthan,2015,0.318,Increase vocational skills score by 30% within 5 years and reduce disparities between rural and urban areas.,p1350 district early childhood education reform 25 vocational rajasthan increase vocational skills score by 30% within 5 years and reduce disparities between rural and urban areas.
P1225,State Primary Education Reform 47,Early Childhood,West Bengal,2020,0.843,"Introduce technology-enabled platforms for learning continuity, improve assessment methods, and strengthen governance.","p1225 state primary education reform 47 early childhood west bengal introduce technology-enabled platforms for learning continuity, improve assessment methods, and strengthen governance."
P1403,State Vocational Education Reform 39,Secondary,Karnataka,2023,0.774,"Train 2363 teachers, deploy learning kits to schools, and set up monitoring systems to measure outcomes.","p1403 state vocational education reform 39 secondary karnataka train 2363 teachers, deploy learning kits to schools, and set up monitoring systems to measure outcomes."
P1398,State Vocational Education Reform 61,Primary,West Bengal,2019,0.799,"Train 4129 teachers, deploy tablets to schools, and set up monitoring systems to measure outcomes.","p1398 state vocational education reform 61 primary west bengal train 4129 teachers, deploy tablets to schools, and set up monitoring systems to measure outcomes."
P1128,National Vocational Education Reform 12,Primary,Maharashtra,2020,0.671,"Introduce technology-enabled platforms for learning continuity, improve assessment methods, and strengthen governance.","p1128 national vocational education reform 12 primary maharashtra introduce technology-enabled platforms for learning continuity, improve assessment methods, and strengthen governance."
P1286,State Early Childhood Education Reform 6,Higher Education,Kerala,2017,0.312,Increase learning outcomes score by 27% within 3 years and reduce disparities between rural and urban areas.,p1286 state early childhood education reform 6 higher education kerala increase learning outcomes score by 27% within 3 years and reduce disparities between rural and urban areas.
P1412,District Higher Education Education Reform 76,Vocational,Maharashtra,2023,0.252,Increase digital access score by 21% within 1 years and reduce disparities between rural and urban areas.,p1412 district higher education education reform 76 vocational maharashtra increase digital access score by 21% within 1 years and reduce disparities between rural and urban areas.
P1108,District Secondary Education Reform 97,Vocational,Maharashtra,2019,0.395,Increase vocational skills score by 8% within 1 years and reduce disparities between rural and urban areas.,p1108 district secondary education reform 97 vocational maharashtra increase vocational skills score by 8% within 1 years and reduce disparities between rural and urban areas.
P1371,District Higher Education Education Reform 30,Early Childhood,Karnataka,2022,0.464,Increase digital access score by 33% within 2 years and reduce disparities between rural and urban areas.,p1371 district higher education education reform 30 early childhood karnataka increase digital access score by 33% within 2 years and reduce disparities between rural and urban areas.
P1326,State Primary Education Reform 27,Higher Education,Tamil Nadu,2017,0.568,"Introduce technology-enabled platforms for learning continuity, improve assessment methods, and strengthen governance.","p1326 state primary education reform 27 higher education tamil nadu introduce technology-enabled platforms for learning continuity, improve assessment methods, and strengthen governance."
P1134,National Higher Education Education Reform 99,Primary,Punjab,2025,0.139,"Introduce technology-enabled platforms for learning continuity, improve assessment methods, and strengthen governance.","p1134 national higher education education reform 99 primary punjab introduce technology-enabled platforms for learning continuity, improve assessment methods, and strengthen governance."
P1453,National Secondary Education Reform 61,Primary,Kerala,2022,0.552,Increase teacher quality score by 5% within 4 years and reduce disparities between rural and urban areas.,p1453 national secondary education reform 61 primary kerala increase teacher quality score by 5% within 4 years and reduce disparities between rural and urban areas.
P1045,State Secondary Education Reform 50,Vocational,Maharashtra,2018,0.12,"Train 4686 teachers, deploy tablets to schools, and set up monitoring systems to measure outcomes.","p1045 state secondary education reform 50 vocational maharashtra train 4686 teachers, deploy tablets to schools, and set up monitoring systems to measure outcomes."
P1461,National Primary Education Reform 66,Higher Education,Punjab,2021,0.82,Increase digital access score by 28% within 3 years and reduce disparities between rural and urban areas.,p1461 national primary education reform 66 higher education punjab increase digital access score by 28% within 3 years and reduce disparities between rural and urban areas.
P1066,District Vocational Education Reform 20,Secondary,Tamil Nadu,2024,0.702,Increase infrastructure score by 39% within 2 years and reduce disparities between rural and urban areas.,p1066 district vocational education reform 20 secondary tamil nadu increase infrastructure score by 39% within 2 years and reduce disparities between rural and urban areas.
P1284,State Vocational Education Reform 31,Primary,Rajasthan,2015,0.313,"Introduce technology-enabled platforms for learning continuity, improve assessment methods, and strengthen governance.","p1284 state vocational education reform 31 primary rajasthan introduce technology-enabled platforms for learning continuity, improve assessment methods, and strengthen governance."
P1086,National Early Childhood Education Reform 81,Early Childhood,West Bengal,2017,0.27,"Introduce technology-enabled platforms for learning continuity, improve assessment methods, and strengthen governance.","p1086 national early childhood education reform 81 early childhood west bengal introduce technology-enabled platforms for learning continuity, improve assessment methods, and strengthen governance."
P1243,National Early Childhood Education Reform 91,Vocational,Rajasthan,2024,0.912,"Introduce technology-enabled platforms for learning continuity, improve assessment methods, and strengthen governance.","p1243 national early childhood education reform 91 vocational rajasthan introduce technology-enabled platforms for learning continuity, improve assessment methods, and strengthen governance."
P1187,National Primary Education Reform 1,Early Childhood,Punjab,2021,0.288,"Introduce technology-enabled platforms for learning continuity, improve assessment methods, and strengthen governance.","p1187 national primary education reform 1 early childhood punjab introduce technology-enabled platforms for learning continuity, improve assessment methods, and strengthen governance."
P1384,National Primary Education Reform 52,Higher Education,Karnataka,2021,0.678,Increase teacher quality score by 36% within 1 years and reduce disparities between rural and urban areas.,p1384 national primary education reform 52 higher education karnataka increase teacher quality score by 36% within 1 years and reduce disparities between rural and urban areas.
P1160,District Vocational Education Reform 75,Primary,Karnataka,2023,0.529,Increase teacher quality score by 24% within 2 years and reduce disparities between rural and urban areas.,p1160 district vocational education reform 75 primary karnataka increase teacher quality score by 24% within 2 years and reduce disparities between rural and urban areas.
P1013,State Vocational Education Reform 17,Higher Education,Gujarat,2020,0.987,Increase learning outcomes score by 9% within 2 years and reduce disparities between rural and urban areas.,p1013 state vocational education reform 17 higher education gujarat increase learning outcomes score by 9% within 2 years and reduce disparities between rural and urban areas.
P1036,District Vocational Education Reform 35,Early Childhood,Rajasthan,2022,0.637,Increase learning outcomes score by 16% within 4 years and reduce disparities between rural and urban areas.,p1036 district vocational education reform 35 early childhood rajasthan increase learning outcomes score by 16% within 4 years and reduce disparities between rural and urban areas.
P1029,State Secondary Education Reform 12,Higher Education,Gujarat,2018,0.857,Increase infrastructure score by 22% within 5 years and reduce disparities between rural and urban areas.,p1029 state secondary education reform 12 higher education gujarat increase infrastructure score by 22% within 5 years and reduce disparities between rural and urban areas.
P1171,State Secondary Education Reform 15,Secondary,Karnataka,2017,0.261,Increase digital access score by 36% within 1 years and reduce disparities between rural and urban areas.,p1171 state secondary education reform 15 secondary karnataka increase digital access score by 36% within 1 years and reduce disparities between rural and urban areas.
P1143,District Vocational Education Reform 45,Early Childhood,Rajasthan,2020,0.295,Increase teacher quality score by 15% within 1 years and reduce disparities between rural and urban areas.,p1143 district vocational education reform 45 early childhood rajasthan increase teacher quality score by 15% within 1 years and reduce disparities between rural and urban areas.
P1399,District Early Childhood Education Reform 31,Secondary,Uttar Pradesh,2017,0.243,"Introduce technology-enabled platforms for learning continuity, improve assessment methods, and strengthen governance.","p1399 district early childhood education reform 31 secondary uttar pradesh introduce technology-enabled platforms for learning continuity, improve assessment methods, and strengthen governance."
P1343,State Primary Education Reform 5,Early Childhood,Kerala,2021,0.591,"Train 241 teachers, deploy tablets to schools, and set up monitoring systems to measure outcomes.","p1343 state primary education reform 5 early childhood kerala train 241 teachers, deploy tablets to schools, and set up monitoring systems to measure outcomes."
P1222,State Early Childhood Education Reform 90,Vocational,Uttar Pradesh,2024,0.872,"Train 4401 teachers, deploy learning kits to schools, and set up monitoring systems to measure outcomes.","p1222 state early childhood education reform 90 vocational uttar pradesh train 4401 teachers, deploy learning kits to schools, and set up monitoring systems to measure outcomes."
P1096,National Primary Education Reform 55,Higher Education,Maharashtra,2023,0.26,"Introduce technology-enabled platforms for learning continuity, improve assessment methods, and strengthen governance.","p1096 national primary education reform 55 higher education maharashtra introduce technology-enabled platforms for learning continuity, improve assessment methods, and strengthen governance."
P1052,National Primary Education Reform 61,Vocational,Kerala,2023,0.139,Increase vocational skills score by 35% within 4 years and reduce disparities between rural and urban areas.,p1052 national primary education reform 61 vocational kerala increase vocational skills score by 35% within 4 years and reduce disparities between rural and urban areas.
P1241,District Primary Education Reform 72,Vocational,Rajasthan,2025,0.789,"Train 2461 teachers, deploy tablets to schools, and set up monitoring systems to measure outcomes.","p1241 district primary education reform 72 vocational rajasthan train 2461 teachers, deploy tablets to schools, and set up monitoring systems to measure outcomes."
P1485,District Higher Education Education Reform 5,Early Childhood,Gujarat,2015,0.346,Increase infrastructure score by 37% within 1 years and reduce disparities between rural and urban areas.,p1485 district higher education education reform 5 early childhood gujarat increase infrastructure score by 37% within 1 years and reduce disparities between rural and urban areas.
P1379,State Secondary Education Reform 90,Early Childhood,Maharashtra,2021,0.344,Increase vocational skills score by 31% within 5 years and reduce disparities between rural and urban areas.,p1379 state secondary education reform 90 early childhood maharashtra increase vocational skills score by 31% within 5 years and reduce disparities between rural and urban areas.
P1179,District Primary Education Reform 26,Higher Education,Tamil Nadu,2019,0.282,"Introduce technology-enabled platforms for learning continuity, improve assessment methods, and strengthen governance.","p1179 district primary education reform 26 higher education tamil nadu introduce technology-enabled platforms for learning continuity, improve assessment methods, and strengthen governance."
P1042,State Primary Education Reform 93,Secondary,West Bengal,2025,0.401,Increase vocational skills score by 25% within 4 years and reduce disparities between rural and urban areas.,p1042 state primary education reform 93 secondary west bengal increase vocational skills score by 25% within 4 years and reduce disparities between rural and urban areas.
P1499,District Vocational Education Reform 55,Early Childhood,Punjab,2023,0.217,"Train 750 teachers, deploy learning kits to schools, and set up monitoring systems to measure outcomes.","p1499 district vocational education reform 55 early childhood punjab train 750 teachers, deploy learning kits to schools, and set up monitoring systems to measure outcomes."
P1422,State Vocational Education Reform 62,Primary,Rajasthan,2021,0.35,"Introduce technology-enabled platforms for learning continuity, improve assessment methods, and strengthen governance.","p1422 state vocational education reform 62 primary rajasthan introduce technology-enabled platforms for learning continuity, improve assessment methods, and strengthen governance."
P1207,National Early Childhood Education Reform 55,Vocational,Rajasthan,2015,0.507,Increase learning outcomes score by 5% within 2 years and reduce disparities between rural and urban areas.,p1207 national early childhood education reform 55 vocational rajasthan increase learning outcomes score by 5% within 2 years and reduce disparities between rural and urban areas.
P1283,State Primary Education Reform 94,Vocational,Uttar Pradesh,2018,0.942,"Train 378 teachers, deploy online modules to schools, and set up monitoring systems to measure outcomes.","p1283 state primary education reform 94 vocational uttar pradesh train 378 teachers, deploy online modules to schools, and set up monitoring systems to measure outcomes."
P1255,National Vocational Education Reform 87,Primary,Maharashtra,2021,0.893,"Introduce technology-enabled platforms for learning continuity, improve assessment methods, and strengthen governance.","p1255 national vocational education reform 87 primary maharashtra introduce technology-enabled platforms for learning continuity, improve assessment methods, and strengthen governance."
P1413,District Higher Education Education Reform 7,Higher Education,Uttar Pradesh,2025,0.811,"Train 4314 teachers, deploy learning kits to schools, and set up monitoring systems to measure outcomes.","p1413 district higher education education reform 7 higher education uttar pradesh train 4314 teachers, deploy learning kits to schools, and set up monitoring systems to measure outcomes."
P1005,District Higher Education Education Reform 96,Early Childhood,West Bengal,2024,0.553,"Train 1360 teachers, deploy online modules to schools, and set up monitoring systems to measure outcomes.","p1005 district higher education education reform 96 early childhood west bengal train 1360 teachers, deploy online modules to schools, and set up monitoring systems to measure outcomes."
P1257,State Vocational Education Reform 60,Secondary,Delhi,2020,0.39,Increase vocational skills score by 20% within 5 years and reduce disparities between rural and urban areas.,p1257 state vocational education reform 60 secondary delhi increase vocational skills score by 20% within 5 years and reduce disparities between rural and urban areas.
P1449,District Vocational Education Reform 46,Early Childhood,West Bengal,2015,0.649,Increase teacher quality score by 34% within 2 years and reduce disparities between rural and urban areas.,p1449 district vocational education reform 46 early childhood west bengal increase teacher quality score by 34% within 2 years and reduce disparities between rural and urban areas.
P1101,State Secondary Education Reform 33,Secondary,Kerala,2025,0.146,"Train 646 teachers, deploy learning kits to schools, and set up monitoring systems to measure outcomes.","p1101 state secondary education reform 33 secondary kerala train 646 teachers, deploy learning kits to schools, and set up monitoring systems to measure outcomes."
P1227,State Vocational Education Reform 98,Vocational,Kerala,2024,0.42,Increase digital access score by 6% within 5 years and reduce disparities between rural and urban areas.,p1227 state vocational education reform 98 vocational kerala increase digital access score by 6% within 5 years and reduce disparities between rural and urban areas.
P1430,National Secondary Education Reform 10,Vocational,Uttar Pradesh,2022,0.747,Increase learning outcomes score by 12% within 1 years and reduce disparities between rural and urban areas.,p1430 national secondary education reform 10 vocational uttar pradesh increase learning outcomes score by 12% within 1 years and reduce disparities between rural and urban areas.
P1214,State Vocational Education Reform 70,Higher Education,Rajasthan,2022,0.487,"Train 2894 teachers, deploy online modules to schools, and set up monitoring systems to measure outcomes.","p1214 state vocational education reform 70 higher education rajasthan train 2894 teachers, deploy online modules to schools, and set up monitoring systems to measure outcomes."
P1172,District Higher Education Education Reform 2,Early Childhood,Punjab,2024,0.529,Increase vocational skills score by 5% within 2 years and reduce disparities between rural and urban areas.,p1172 district higher education education reform 2 early childhood punjab increase vocational skills score by 5% within 2 years and reduce disparities between rural and urban areas.
P1099,National Early Childhood Education Reform 41,Early Childhood,Punjab,2025,0.977,"Introduce technology-enabled platforms for learning continuity, improve assessment methods, and strengthen governance.","p1099 national early childhood education reform 41 early childhood punjab introduce technology-enabled platforms for learning continuity, improve assessment methods, and strengthen governance."
P1293,District Early Childhood Education Reform 8,Higher Education,West Bengal,2017,0.353,"Introduce technology-enabled platforms for learning continuity, improve assessment methods, and strengthen governance.","p1293 district early childhood education reform 8 higher education west bengal introduce technology-enabled platforms for learning continuity, improve assessment methods, and strengthen governance."
P1216,State Secondary Education Reform 21,Vocational,West Bengal,2018,0.78,Increase early childhood development score by 31% within 2 years and reduce disparities between rural and urban areas.,p1216 state secondary education reform 21 vocational west bengal increase early childhood development score by 31% within 2 years and reduce disparities between rural and urban areas.
P1062,State Early Childhood Education Reform 8,Higher Education,Rajasthan,2016,0.84,"Introduce technology-enabled platforms for learning continuity, improve assessment methods, and strengthen governance.","p1062 state early childhood education reform 8 higher education rajasthan introduce technology-enabled platforms for learning continuity, improve assessment methods, and strengthen governance."
P1048,State Higher Education Education Reform 75,Vocational,Kerala,2016,0.392,Increase early childhood development score by 31% within 1 years and reduce disparities between rural and urban areas.,p1048 state higher education education reform 75 vocational kerala increase early childhood development score by 31% within 1 years and reduce disparities between rural and urban areas.
P1033,National Vocational Education Reform 63,Primary,Punjab,2025,0.945,"Train 4933 teachers, deploy learning kits to schools, and set up monitoring systems to measure outcomes.","p1033 national vocational education reform 63 primary punjab train 4933 teachers, deploy learning kits to schools, and set up monitoring systems to measure outcomes."
P1268,State Higher Education Education Reform 13,Higher Education,Punjab,2021,0.379,"Train 147 teachers, deploy online modules to schools, and set up monitoring systems to measure outcomes.","p1268 state higher education education reform 13 higher education punjab train 147 teachers, deploy online modules to schools, and set up monitoring systems to measure outcomes."
P1328,District Vocational Education Reform 12,Vocational,Delhi,2017,0.245,"Introduce technology-enabled platforms for learning continuity, improve assessment methods, and strengthen governance.","p1328 district vocational education reform 12 vocational delhi introduce technology-enabled platforms for learning continuity, improve assessment methods, and strengthen governance."
P1201,National Higher Education Education Reform 29,Higher Education,Maharashtra,2024,0.355,Increase early childhood development score by 17% within 5 years and reduce disparities between rural and urban areas.,p1201 national higher education education reform 29 higher education maharashtra increase early childhood development score by 17% within 5 years and reduce disparities between rural and urban areas.
P1447,State Vocational Education Reform 5,Early Childhood,Tamil Nadu,2022,0.789,"Train 1798 teachers, deploy tablets to schools, and set up monitoring systems to measure outcomes.","p1447 state vocational education reform 5 early childhood tamil nadu train 1798 teachers, deploy tablets to schools, and set up monitoring systems to measure outcomes."
P1028,National Early Childhood Education Reform 83,Higher Education,Karnataka,2021,0.666,"Introduce technology-enabled platforms for learning continuity, improve assessment methods, and strengthen governance.","p1028 national early childhood education reform 83 higher education karnataka introduce technology-enabled platforms for learning continuity, improve assessment methods, and strengthen governance."
P1425,District Higher Education Education Reform 98,Early Childhood,Kerala,2020,0.566,Increase early childhood development score by 7% within 5 years and reduce disparities between rural and urban areas.,p1425 district higher education education reform 98 early childhood kerala increase early childhood development score by 7% within 5 years and reduce disparities between rural and urban areas.
P1231,District Primary Education Reform 71,Vocational,Delhi,2016,0.598,"Train 4647 teachers, deploy learning kits to schools, and set up monitoring systems to measure outcomes.","p1231 district primary education reform 71 vocational delhi train 4647 teachers, deploy learning kits to schools, and set up monitoring systems to measure outcomes."
P1261,District Vocational Education Reform 52,Vocational,West Bengal,2023,0.442,"Introduce technology-enabled platforms for learning continuity, improve assessment methods, and strengthen governance.","p1261 district vocational education reform 52 vocational west bengal introduce technology-enabled platforms for learning continuity, improve assessment methods, and strengthen governance."
P1289,District Early Childhood Education Reform 71,Vocational,Gujarat,2019,0.302,"Introduce technology-enabled platforms for learning continuity, improve assessment methods, and strengthen governance.","p1289 district early childhood education reform 71 vocational gujarat introduce technology-enabled platforms for learning continuity, improve assessment methods, and strengthen governance."
P1163,District Primary Education Reform 61,Secondary,Rajasthan,2016,0.222,"Introduce technology-enabled platforms for learning continuity, improve assessment methods, and strengthen governance.","p1163 district primary education reform 61 secondary rajasthan introduce technology-enabled platforms for learning continuity, improve assessment methods, and strengthen governance."
P1426,District Early Childhood Education Reform 66,Primary,Tamil Nadu,2022,0.284,Increase learning outcomes score by 37% within 4 years and reduce disparities between rural and urban areas.,p1426 district early childhood education reform 66 primary tamil nadu increase learning outcomes score by 37% within 4 years and reduce disparities between rural and urban areas.
P1139,National Primary Education Reform 22,Vocational,Gujarat,2020,0.502,Increase digital access score by 7% within 2 years and reduce disparities between rural and urban areas.,p1139 national primary education reform 22 vocational gujarat increase digital access score by 7% within 2 years and reduce disparities between rural and urban areas.
P1063,National Primary Education Reform 58,Primary,Kerala,2016,0.982,"Introduce technology-enabled platforms for learning continuity, improve assessment methods, and strengthen governance.","p1063 national primary education reform 58 primary kerala introduce technology-enabled platforms for learning continuity, improve assessment methods, and strengthen governance."
P1136,National Higher Education Education Reform 73,Higher Education,Punjab,2018,0.752,"Introduce technology-enabled platforms for learning continuity, improve assessment methods, and strengthen governance.","p1136 national higher education education reform 73 higher education punjab introduce technology-enabled platforms for learning continuity, improve assessment methods, and strengthen governance."
P1129,National Primary Education Reform 18,Primary,Punjab,2021,0.347,"Train 269 teachers, deploy mobile labs to schools, and set up monitoring systems to measure outcomes.","p1129 national primary education reform 18 primary punjab train 269 teachers, deploy mobile labs to schools, and set up monitoring systems to measure outcomes."
P1477,State Higher Education Education Reform 9,Higher Education,Karnataka,2022,0.147,"Introduce technology-enabled platforms for learning continuity, improve assessment methods, and strengthen governance.","p1477 state higher education education reform 9 higher education karnataka introduce technology-enabled platforms for learning continuity, improve assessment methods, and strengthen governance."
P1009,National Primary Education Reform 43,Primary,Rajasthan,2018,0.613,"Train 822 teachers, deploy tablets to schools, and set up monitoring systems to measure outcomes.","p1009 national primary education reform 43 primary rajasthan train 822 teachers, deploy tablets to schools, and set up monitoring systems to measure outcomes."
P1327,State Early Childhood Education Reform 14,Higher Education,Tamil Nadu,2015,0.629,Increase learning outcomes score by 18% within 1 years and reduce disparities between rural and urban areas.,p1327 state early childhood education reform 14 higher education tamil nadu increase learning outcomes score by 18% within 1 years and reduce disparities between rural and urban areas.
P1464,District Primary Education Reform 44,Primary,Maharashtra,2022,0.456,"Introduce technology-enabled platforms for learning continuity, improve assessment methods, and strengthen governance.","p1464 district primary education reform 44 primary maharashtra introduce technology-enabled platforms for learning continuity, improve assessment methods, and strengthen governance."
P1065,National Early Childhood Education Reform 12,Vocational,Rajasthan,2020,0.404,"Train 1319 teachers, deploy tablets to schools, and set up monitoring systems to measure outcomes.","p1065 national early childhood education reform 12 vocational rajasthan train 1319 teachers, deploy tablets to schools, and set up monitoring systems to measure outcomes."
P1301,District Higher Education Education Reform 46,Secondary,Rajasthan,2024,0.571,"Introduce technology-enabled platforms for learning continuity, improve assessment methods, and strengthen governance.","p1301 district higher education education reform 46 secondary rajasthan introduce technology-enabled platforms for learning continuity, improve assessment methods, and strengthen governance."
P1015,State Higher Education Education Reform 7,Primary,West Bengal,2019,0.244,Increase digital access score by 12% within 1 years and reduce disparities between rural and urban areas.,p1015 state higher education education reform 7 primary west bengal increase digital access score by 12% within 1 years and reduce disparities between rural and urban areas.
P1157,National Early Childhood Education Reform 21,Primary,Delhi,2023,0.845,"Train 3002 teachers, deploy learning kits to schools, and set up monitoring systems to measure outcomes.","p1157 national early childhood education reform 21 primary delhi train 3002 teachers, deploy learning kits to schools, and set up monitoring systems to measure outcomes."
P1041,State Vocational Education Reform 42,Secondary,Uttar Pradesh,2024,0.728,"Train 4107 teachers, deploy tablets to schools, and set up monitoring systems to measure outcomes.","p1041 state vocational education reform 42 secondary uttar pradesh train 4107 teachers, deploy tablets to schools, and set up monitoring systems to measure outcomes."
P1380,State Vocational Education Reform 58,Secondary,Delhi,2018,0.439,"Introduce technology-enabled platforms for learning continuity, improve assessment methods, and strengthen governance.","p1380 state vocational education reform 58 secondary delhi introduce technology-enabled platforms for learning continuity, improve assessment methods, and strengthen governance."
P1469,District Primary Education Reform 19,Vocational,Maharashtra,2016,0.524,"Train 1019 teachers, deploy tablets to schools, and set up monitoring systems to measure outcomes.","p1469 district primary education reform 19 vocational maharashtra train 1019 teachers, deploy tablets to schools, and set up monitoring systems to measure outcomes."
P1404,District Higher Education Education Reform 59,Secondary,Punjab,2017,0.294,Increase vocational skills score by 14% within 4 years and reduce disparities between rural and urban areas.,p1404 district higher education education reform 59 secondary punjab increase vocational skills score by 14% within 4 years and reduce disparities between rural and urban areas.
P1217,District Vocational Education Reform 80,Vocational,Delhi,2024,0.963,Increase learning outcomes score by 33% within 1 years and reduce disparities between rural and urban areas.,p1217 district vocational education reform 80 vocational delhi increase learning outcomes score by 33% within 1 years and reduce disparities between rural and urban areas.
P1280,District Vocational Education Reform 6,Primary,Karnataka,2023,0.163,Increase infrastructure score by 25% within 2 years and reduce disparities between rural and urban areas.,p1280 district vocational education reform 6 primary karnataka increase infrastructure score by 25% within 2 years and reduce disparities between rural and urban areas.
P1435,State Vocational Education Reform 89,Vocational,Punjab,2025,0.542,Increase early childhood development score by 31% within 5 years and reduce disparities between rural and urban areas.,p1435 state vocational education reform 89 vocational punjab increase early childhood development score by 31% within 5 years and reduce disparities between rural and urban areas.
P1431,National Early Childhood Education Reform 2,Primary,Maharashtra,2023,0.776,"Introduce technology-enabled platforms for learning continuity, improve assessment methods, and strengthen governance.","p1431 national early childhood education reform 2 primary maharashtra introduce technology-enabled platforms for learning continuity, improve assessment methods, and strengthen governance."
P1338,National Higher Education Education Reform 34,Higher Education,Tamil Nadu,2017,0.65,"Introduce technology-enabled platforms for learning continuity, improve assessment methods, and strengthen governance.","p1338 national higher education education reform 34 higher education tamil nadu introduce technology-enabled platforms for learning continuity, improve assessment methods, and strengthen governance."
P1237,National Secondary Education Reform 84,Secondary,Punjab,2023,0.91,"Train 2650 teachers, deploy tablets to schools, and set up monitoring systems to measure outcomes.","p1237 national secondary education reform 84 secondary punjab train 2650 teachers, deploy tablets to schools, and set up monitoring systems to measure outcomes."
P1208,District Higher Education Education Reform 24,Early Childhood,Delhi,2018,0.477,"Introduce technology-enabled platforms for learning continuity, improve assessment methods, and strengthen governance.","p1208 district higher education education reform 24 early childhood delhi introduce technology-enabled platforms for learning continuity, improve assessment methods, and strengthen governance."
P1213,National Vocational Education Reform 68,Primary,Maharashtra,2019,0.375,"Introduce technology-enabled platforms for learning continuity, improve assessment methods, and strengthen governance.","p1213 national vocational education reform 68 primary maharashtra introduce technology-enabled platforms for learning continuity, improve assessment methods, and strengthen governance."
P1296,National Higher Education Education Reform 64,Primary,Punjab,2020,0.967,"Introduce technology-enabled platforms for learning continuity, improve assessment methods, and strengthen governance.","p1296 national higher education education reform 64 primary punjab introduce technology-enabled platforms for learning continuity, improve assessment methods, and strengthen governance."
P1458,National Higher Education Education Reform 45,Vocational,Punjab,2024,0.925,Increase infrastructure score by 18% within 3 years and reduce disparities between rural and urban areas.,p1458 national higher education education reform 45 vocational punjab increase infrastructure score by 18% within 3 years and reduce disparities between rural and urban areas.
P1252,National Vocational Education Reform 65,Primary,Gujarat,2023,0.376,"Train 1730 teachers, deploy tablets to schools, and set up monitoring systems to measure outcomes.","p1252 national vocational education reform 65 primary gujarat train 1730 teachers, deploy tablets to schools, and set up monitoring systems to measure outcomes."
P1489,District Secondary Education Reform 12,Early Childhood,Karnataka,2025,0.895,"Introduce technology-enabled platforms for learning continuity, improve assessment methods, and strengthen governance.","p1489 district secondary education reform 12 early childhood karnataka introduce technology-enabled platforms for learning continuity, improve assessment methods, and strengthen governance."
P1487,National Primary Education Reform 94,Secondary,Uttar Pradesh,2016,0.388,"Train 1475 teachers, deploy online modules to schools, and set up monitoring systems to measure outcomes.","p1487 national primary education reform 94 secondary uttar pradesh train 1475 teachers, deploy online modules to schools, and set up monitoring systems to measure outcomes."
P1304,National Vocational Education Reform 52,Early Childhood,Maharashtra,2017,0.851,"Introduce technology-enabled platforms for learning continuity, improve assessment methods, and strengthen governance.","p1304 national vocational education reform 52 early childhood maharashtra introduce technology-enabled platforms for learning continuity, improve assessment methods, and strengthen governance."
P1351,National Vocational Education Reform 4,Early Childhood,Kerala,2021,0.25,"Train 1313 teachers, deploy mobile labs to schools, and set up monitoring systems to measure outcomes.","p1351 national vocational education reform 4 early childhood kerala train 1313 teachers, deploy mobile labs to schools, and set up monitoring systems to measure outcomes."
P1270,State Vocational Education Reform 85,Primary,Gujarat,2019,0.347,"Train 542 teachers, deploy mobile labs to schools, and set up monitoring systems to measure outcomes.","p1270 state vocational education reform 85 primary gujarat train 542 teachers, deploy mobile labs to schools, and set up monitoring systems to measure outcomes."
P1202,District Secondary Education Reform 79,Secondary,Karnataka,2020,0.794,"Introduce technology-enabled platforms for learning continuity, improve assessment methods, and strengthen governance.","p1202 district secondary education reform 79 secondary karnataka introduce technology-enabled platforms for learning continuity, improve assessment methods, and strengthen governance."
P1162,National Higher Education Education Reform 13,Vocational,Tamil Nadu,2019,0.416,Increase vocational skills score by 23% within 4 years and reduce disparities between rural and urban areas.,p1162 national higher education education reform 13 vocational tamil nadu increase vocational skills score by 23% within 4 years and reduce disparities between rural and urban areas.
P1044,District Secondary Education Reform 64,Early Childhood,Tamil Nadu,2018,0.9,"Train 655 teachers, deploy online modules to schools, and set up monitoring systems to measure outcomes.","p1044 district secondary education reform 64 early childhood tamil nadu train 655 teachers, deploy online modules to schools, and set up monitoring systems to measure outcomes."
P1218,National Higher Education Education Reform 54,Higher Education,Gujarat,2020,0.15,"Introduce technology-enabled platforms for learning continuity, improve assessment methods, and strengthen governance.","p1218 national higher education education reform 54 higher education gujarat introduce technology-enabled platforms for learning continuity, improve assessment methods, and strengthen governance."
P1402,State Secondary Education Reform 96,Primary,Punjab,2020,0.526,"Introduce technology-enabled platforms for learning continuity, improve assessment methods, and strengthen governance.","p1402 state secondary education reform 96 primary punjab introduce technology-enabled platforms for learning continuity, improve assessment methods, and strengthen governance."
P1191,District Vocational Education Reform 84,Secondary,Kerala,2021,0.181,"Introduce technology-enabled platforms for learning continuity, improve assessment methods, and strengthen governance.","p1191 district vocational education reform 84 secondary kerala introduce technology-enabled platforms for learning continuity, improve assessment methods, and strengthen governance."
P1310,District Vocational Education Reform 42,Early Childhood,Maharashtra,2022,0.248,Increase teacher quality score by 39% within 2 years and reduce disparities between rural and urban areas.,p1310 district vocational education reform 42 early childhood maharashtra increase teacher quality score by 39% within 2 years and reduce disparities between rural and urban areas.
P1260,District Higher Education Education Reform 56,Higher Education,Maharashtra,2024,0.429,"Introduce technology-enabled platforms for learning continuity, improve assessment methods, and strengthen governance.","p1260 district higher education education reform 56 higher education maharashtra introduce technology-enabled platforms for learning continuity, improve assessment methods, and strengthen governance."
P1106,National Secondary Education Reform 25,Early Childhood,Rajasthan,2019,0.432,"Train 1900 teachers, deploy mobile labs to schools, and set up monitoring systems to measure outcomes.","p1106 national secondary education reform 25 early childhood rajasthan train 1900 teachers, deploy mobile labs to schools, and set up monitoring systems to measure outcomes."
P1054,State Vocational Education Reform 54,Primary,Kerala,2021,0.16,Increase learning outcomes score by 40% within 1 years and reduce disparities between rural and urban areas.,p1054 state vocational education reform 54 primary kerala increase learning outcomes score by 40% within 1 years and reduce disparities between rural and urban areas.
P1390,State Vocational Education Reform 72,Early Childhood,Gujarat,2016,0.104,"Train 4075 teachers, deploy online modules to schools, and set up monitoring systems to measure outcomes.","p1390 state vocational education reform 72 early childhood gujarat train 4075 teachers, deploy online modules to schools, and set up monitoring systems to measure outcomes."
P1002,National Vocational Education Reform 44,Higher Education,Tamil Nadu,2018,0.419,"Introduce technology-enabled platforms for learning continuity, improve assessment methods, and strengthen governance.","p1002 national vocational education reform 44 higher education tamil nadu introduce technology-enabled platforms for learning continuity, improve assessment methods, and strengthen governance."
P1442,State Early Childhood Education Reform 13,Early Childhood,Tamil Nadu,2015,0.358,"Introduce technology-enabled platforms for learning continuity, improve assessment methods, and strengthen governance.","p1442 state early childhood education reform 13 early childhood tamil nadu introduce technology-enabled platforms for learning continuity, improve assessment methods, and strengthen governance."
P1483,District Vocational Education Reform 51,Primary,Maharashtra,2019,0.332,"Introduce technology-enabled platforms for learning continuity, improve assessment methods, and strengthen governance.","p1483 district vocational education reform 51 primary maharashtra introduce technology-enabled platforms for learning continuity, improve assessment methods, and strengthen governance."
P1050,District Higher Education Education Reform 70,Higher Education,Karnataka,2021,0.182,"Introduce technology-enabled platforms for learning continuity, improve assessment methods, and strengthen governance.","p1050 district higher education education reform 70 higher education karnataka introduce technology-enabled platforms for learning continuity, improve assessment methods, and strengthen governance."
P1420,District Higher Education Education Reform 55,Early Childhood,Karnataka,2021,0.32,"Train 2093 teachers, deploy mobile labs to schools, and set up monitoring systems to measure outcomes.","p1420 district higher education education reform 55 early childhood karnataka train 2093 teachers, deploy mobile labs to schools, and set up monitoring systems to measure outcomes."
P1081,District Higher Education Education Reform 94,Higher Education,West Bengal,2017,0.209,Increase digital access score by 29% within 5 years and reduce disparities between rural and urban areas.,p1081 district higher education education reform 94 higher education west bengal increase digital access score by 29% within 5 years and reduce disparities between rural and urban areas.
P1206,State Secondary Education Reform 14,Primary,Maharashtra,2025,0.953,Increase digital access score by 36% within 2 years and reduce disparities between rural and urban areas.,p1206 state secondary education reform 14 primary maharashtra increase digital access score by 36% within 2 years and reduce disparities between rural and urban areas.
P1035,District Higher Education Education Reform 90,Vocational,Maharashtra,2025,0.3,Increase infrastructure score by 24% within 5 years and reduce disparities between rural and urban areas.,p1035 district higher education education reform 90 vocational maharashtra increase infrastructure score by 24% within 5 years and reduce disparities between rural and urban areas.
P1264,State Early Childhood Education Reform 7,Higher Education,Rajasthan,2015,0.475,Increase teacher quality score by 21% within 1 years and reduce disparities between rural and urban areas.,p1264 state early childhood education reform 7 higher education rajasthan increase teacher quality score by 21% within 1 years and reduce disparities between rural and urban areas.
P1428,District Secondary Education Reform 53,Early Childhood,Delhi,2020,0.257,"Train 3179 teachers, deploy mobile labs to schools, and set up monitoring systems to measure outcomes.","p1428 district secondary education reform 53 early childhood delhi train 3179 teachers, deploy mobile labs to schools, and set up monitoring systems to measure outcomes."
P1367,State Secondary Education Reform 29,Higher Education,Tamil Nadu,2020,0.85,Increase learning outcomes score by 26% within 2 years and reduce disparities between rural and urban areas.,p1367 state secondary education reform 29 higher education tamil nadu increase learning outcomes score by 26% within 2 years and reduce disparities between rural and urban areas.
P1092,District Vocational Education Reform 55,Early Childhood,Kerala,2016,0.388,"Introduce technology-enabled platforms for learning continuity, improve assessment methods, and strengthen governance.","p1092 district vocational education reform 55 early childhood kerala introduce technology-enabled platforms for learning continuity, improve assessment methods, and strengthen governance."
P1340,State Primary Education Reform 20,Higher Education,Kerala,2017,0.318,"Introduce technology-enabled platforms for learning continuity, improve assessment methods, and strengthen governance.","p1340 state primary education reform 20 higher education kerala introduce technology-enabled platforms for learning continuity, improve assessment methods, and strengthen governance."
P1474,State Vocational Education Reform 33,Higher Education,Gujarat,2015,0.789,Increase early childhood development score by 14% within 4 years and reduce disparities between rural and urban areas.,p1474 state vocational education reform 33 higher education gujarat increase early childhood development score by 14% within 4 years and reduce disparities between rural and urban areas.
P1053,National Primary Education Reform 42,Early Childhood,Tamil Nadu,2016,0.572,Increase digital access score by 40% within 2 years and reduce disparities between rural and urban areas.,p1053 national primary education reform 42 early childhood tamil nadu increase digital access score by 40% within 2 years and reduce disparities between rural and urban areas.
P1346,State Early Childhood Education Reform 64,Vocational,Gujarat,2022,0.531,"Train 1791 teachers, deploy online modules to schools, and set up monitoring systems to measure outcomes.","p1346 state early childhood education reform 64 vocational gujarat train 1791 teachers, deploy online modules to schools, and set up monitoring systems to measure outcomes."
P1265,District Higher Education Education Reform 95,Early Childhood,Karnataka,2019,0.324,"Train 166 teachers, deploy tablets to schools, and set up monitoring systems to measure outcomes.","p1265 district higher education education reform 95 early childhood karnataka train 166 teachers, deploy tablets to schools, and set up monitoring systems to measure outcomes."
P1242,National Secondary Education Reform 75,Early Childhood,Tamil Nadu,2021,0.625,"Introduce technology-enabled platforms for learning continuity, improve assessment methods, and strengthen governance.","p1242 national secondary education reform 75 early childhood tamil nadu introduce technology-enabled platforms for learning continuity, improve assessment methods, and strengthen governance."
P1014,District Higher Education Education Reform 79,Early Childhood,Karnataka,2025,0.335,"Introduce technology-enabled platforms for learning continuity, improve assessment methods, and strengthen governance.","p1014 district higher education education reform 79 early childhood karnataka introduce technology-enabled platforms for learning continuity, improve assessment methods, and strengthen governance."
P1316,State Higher Education Education Reform 76,Primary,Gujarat,2023,0.708,"Introduce technology-enabled platforms for learning continuity, improve assessment methods, and strengthen governance.","p1316 state higher education education reform 76 primary gujarat introduce technology-enabled platforms for learning continuity, improve assessment methods, and strengthen governance."
P1089,National Early Childhood Education Reform 35,Early Childhood,Delhi,2017,0.301,Increase infrastructure score by 11% within 2 years and reduce disparities between rural and urban areas.,p1089 national early childhood education reform 35 early childhood delhi increase infrastructure score by 11% within 2 years and reduce disparities between rural and urban areas.
P1388,National Secondary Education Reform 76,Early Childhood,Uttar Pradesh,2018,0.246,Increase infrastructure score by 23% within 5 years and reduce disparities between rural and urban areas.,p1388 national secondary education reform 76 early childhood uttar pradesh increase infrastructure score by 23% within 5 years and reduce disparities between rural and urban areas.
P1274,National Secondary Education Reform 4,Early Childhood,Uttar Pradesh,2022,0.96,"Introduce technology-enabled platforms for learning continuity, improve assessment methods, and strengthen governance.","p1274 national secondary education reform 4 early childhood uttar pradesh introduce technology-enabled platforms for learning continuity, improve assessment methods, and strengthen governance."
P1167,District Primary Education Reform 77,Primary,Maharashtra,2025,0.495,Increase learning outcomes score by 5% within 3 years and reduce disparities between rural and urban areas.,p1167 district primary education reform 77 primary maharashtra increase learning outcomes score by 5% within 3 years and reduce disparities between rural and urban areas.
P1329,District Primary Education Reform 48,Early Childhood,Uttar Pradesh,2022,0.477,"Introduce technology-enabled platforms for learning continuity, improve assessment methods, and strengthen governance.","p1329 district primary education reform 48 early childhood uttar pradesh introduce technology-enabled platforms for learning continuity, improve assessment methods, and strengthen governance."
P1493,National Higher Education Education Reform 56,Vocational,Delhi,2018,0.575,Increase digital access score by 8% within 4 years and reduce disparities between rural and urban areas.,p1493 national higher education education reform 56 vocational delhi increase digital access score by 8% within 4 years and reduce disparities between rural and urban areas.
P1135,State Secondary Education Reform 54,Higher Education,Delhi,2016,0.26,"Train 3860 teachers, deploy mobile labs to schools, and set up monitoring systems to measure outcomes.","p1135 state secondary education reform 54 higher education delhi train 3860 teachers, deploy mobile labs to schools, and set up monitoring systems to measure outcomes."
P1307,National Secondary Education Reform 72,Higher Education,Tamil Nadu,2022,0.78,"Train 3948 teachers, deploy learning kits to schools, and set up monitoring systems to measure outcomes.","p1307 national secondary education reform 72 higher education tamil nadu train 3948 teachers, deploy learning kits to schools, and set up monitoring systems to measure outcomes."
P1481,District Primary Education Reform 60,Early Childhood,Gujarat,2015,0.397,Increase learning outcomes score by 12% within 5 years and reduce disparities between rural and urban areas.,p1481 district primary education reform 60 early childhood gujarat increase learning outcomes score by 12% within 5 years and reduce disparities between rural and urban areas.
P1320,State Vocational Education Reform 74,Secondary,Karnataka,2015,0.333,"Introduce technology-enabled platforms for learning continuity, improve assessment methods, and strengthen governance.","p1320 state vocational education reform 74 secondary karnataka introduce technology-enabled platforms for learning continuity, improve assessment methods, and strengthen governance."
P1244,District Secondary Education Reform 16,Secondary,Uttar Pradesh,2015,0.584,"Introduce technology-enabled platforms for learning continuity, improve assessment methods, and strengthen governance.","p1244 district secondary education reform 16 secondary uttar pradesh introduce technology-enabled platforms for learning continuity, improve assessment methods, and strengthen governance."
P1055,District Vocational Education Reform 93,Primary,Delhi,2024,0.238,"Introduce technology-enabled platforms for learning continuity, improve assessment methods, and strengthen governance.","p1055 district vocational education reform 93 primary delhi introduce technology-enabled platforms for learning continuity, improve assessment methods, and strengthen governance."
P1364,District Higher Education Education Reform 40,Early Childhood,Rajasthan,2017,0.428,"Train 519 teachers, deploy learning kits to schools, and set up monitoring systems to measure outcomes.","p1364 district higher education education reform 40 early childhood rajasthan train 519 teachers, deploy learning kits to schools, and set up monitoring systems to measure outcomes."
P1051,National Secondary Education Reform 43,Secondary,Punjab,2015,0.198,Increase learning outcomes score by 6% within 2 years and reduce disparities between rural and urban areas.,p1051 national secondary education reform 43 secondary punjab increase learning outcomes score by 6% within 2 years and reduce disparities between rural and urban areas.
P1457,National Vocational Education Reform 47,Secondary,West Bengal,2016,0.287,"Introduce technology-enabled platforms for learning continuity, improve assessment methods, and strengthen governance.","p1457 national vocational education reform 47 secondary west bengal introduce technology-enabled platforms for learning continuity, improve assessment methods, and strengthen governance."
P1175,State Higher Education Education Reform 82,Higher Education,Rajasthan,2023,0.225,Increase vocational skills score by 17% within 2 years and reduce disparities between rural and urban areas.,p1175 state higher education education reform 82 higher education rajasthan increase vocational skills score by 17% within 2 years and reduce disparities between rural and urban areas.
P1446,National Secondary Education Reform 50,Vocational,Maharashtra,2020,0.751,"Introduce technology-enabled platforms for learning continuity, improve assessment methods, and strengthen governance.","p1446 national secondary education reform 50 vocational maharashtra introduce technology-enabled platforms for learning continuity, improve assessment methods, and strengthen governance."
P1190,State Early Childhood Education Reform 14,Secondary,Punjab,2016,0.334,"Introduce technology-enabled platforms for learning continuity, improve assessment methods, and strengthen governance.","p1190 state early childhood education reform 14 secondary punjab introduce technology-enabled platforms for learning continuity, improve assessment methods, and strengthen governance."
P1497,State Secondary Education Reform 5,Secondary,Gujarat,2025,0.341,"Train 539 teachers, deploy mobile labs to schools, and set up monitoring systems to measure outcomes.","p1497 state secondary education reform 5 secondary gujarat train 539 teachers, deploy mobile labs to schools, and set up monitoring systems to measure outcomes."
P1188,District Vocational Education Reform 83,Early Childhood,Maharashtra,2019,0.534,"Train 869 teachers, deploy mobile labs to schools, and set up monitoring systems to measure outcomes.","p1188 district vocational education reform 83 early childhood maharashtra train 869 teachers, deploy mobile labs to schools, and set up monitoring systems to measure outcomes."
P1170,State Higher Education Education Reform 55,Primary,Maharashtra,2015,0.95,"Train 2857 teachers, deploy learning kits to schools, and set up monitoring systems to measure outcomes.","p1170 state higher education education reform 55 primary maharashtra train 2857 teachers, deploy learning kits to schools, and set up monitoring systems to measure outcomes."
P1059,National Vocational Education Reform 69,Secondary,Rajasthan,2023,0.488,Increase digital access score by 31% within 3 years and reduce disparities between rural and urban areas.,p1059 national vocational education reform 69 secondary rajasthan increase digital access score by 31% within 3 years and reduce disparities between rural and urban areas.
P1049,National Primary Education Reform 31,Early Childhood,Tamil Nadu,2021,0.888,Increase vocational skills score by 28% within 2 years and reduce disparities between rural and urban areas.,p1049 national primary education reform 31 early childhood tamil nadu increase vocational skills score by 28% within 2 years and reduce disparities between rural and urban areas.
P1345,National Higher Education Education Reform 67,Early Childhood,Uttar Pradesh,2020,0.173,"Introduce technology-enabled platforms for learning continuity, improve assessment methods, and strengthen governance.","p1345 national higher education education reform 67 early childhood uttar pradesh introduce technology-enabled platforms for learning continuity, improve assessment methods, and strengthen governance."
P1236,District Higher Education Education Reform 50,Primary,Rajasthan,2019,0.178,"Train 3468 teachers, deploy learning kits to schools, and set up monitoring systems to measure outcomes.","p1236 district higher education education reform 50 primary rajasthan train 3468 teachers, deploy learning kits to schools, and set up monitoring systems to measure outcomes."
P1253,National Higher Education Education Reform 60,Primary,Maharashtra,2023,0.669,Increase infrastructure score by 39% within 3 years and reduce disparities between rural and urban areas.,p1253 national higher education education reform 60 primary maharashtra increase infrastructure score by 39% within 3 years and reduce disparities between rural and urban areas.
P1022,National Vocational Education Reform 86,Early Childhood,Rajasthan,2024,0.497,Increase infrastructure score by 22% within 5 years and reduce disparities between rural and urban areas.,p1022 national vocational education reform 86 early childhood rajasthan increase infrastructure score by 22% within 5 years and reduce disparities between rural and urban areas.
P1314,State Early Childhood Education Reform 56,Vocational,Karnataka,2018,0.686,"Train 213 teachers, deploy tablets to schools, and set up monitoring systems to measure outcomes.","p1314 state early childhood education reform 56 vocational karnataka train 213 teachers, deploy tablets to schools, and set up monitoring systems to measure outcomes."
P1460,National Early Childhood Education Reform 99,Early Childhood,Delhi,2017,0.477,"Introduce technology-enabled platforms for learning continuity, improve assessment methods, and strengthen governance.","p1460 national early childhood education reform 99 early childhood delhi introduce technology-enabled platforms for learning continuity, improve assessment methods, and strengthen governance."
P1161,State Higher Education Education Reform 88,Secondary,Karnataka,2025,0.446,"Train 2861 teachers, deploy learning kits to schools, and set up monitoring systems to measure outcomes.","p1161 state higher education education reform 88 secondary karnataka train 2861 teachers, deploy learning kits to schools, and set up monitoring systems to measure outcomes."
P1277,National Vocational Education Reform 22,Higher Education,Rajasthan,2017,0.435,"Introduce technology-enabled platforms for learning continuity, improve assessment methods, and strengthen governance.","p1277 national vocational education reform 22 higher education rajasthan introduce technology-enabled platforms for learning continuity, improve assessment methods, and strengthen governance."
P1444,National Vocational Education Reform 41,Secondary,Delhi,2017,0.259,"Train 3671 teachers, deploy learning kits to schools, and set up monitoring systems to measure outcomes.","p1444 national vocational education reform 41 secondary delhi train 3671 teachers, deploy learning kits to schools, and set up monitoring systems to measure outcomes."
P1192,State Primary Education Reform 29,Vocational,Uttar Pradesh,2016,0.561,"Train 430 teachers, deploy tablets to schools, and set up monitoring systems to measure outcomes.","p1192 state primary education reform 29 vocational uttar pradesh train 430 teachers, deploy tablets to schools, and set up monitoring systems to measure outcomes."
P1386,District Primary Education Reform 8,Secondary,Kerala,2022,0.312,"Train 1149 teachers, deploy mobile labs to schools, and set up monitoring systems to measure outcomes.","p1386 district primary education reform 8 secondary kerala train 1149 teachers, deploy mobile labs to schools, and set up monitoring systems to measure outcomes."
P1294,National Early Childhood Education Reform 77,Primary,Tamil Nadu,2018,0.773,Increase learning outcomes score by 40% within 4 years and reduce disparities between rural and urban areas.,p1294 national early childhood education reform 77 primary tamil nadu increase learning outcomes score by 40% within 4 years and reduce disparities between rural and urban areas.
P1414,National Secondary Education Reform 12,Secondary,Punjab,2015,0.956,Increase digital access score by 37% within 5 years and reduce disparities between rural and urban areas.,p1414 national secondary education reform 12 secondary punjab increase digital access score by 37% within 5 years and reduce disparities between rural and urban areas.
P1344,National Primary Education Reform 48,Higher Education,Rajasthan,2020,0.756,"Train 2919 teachers, deploy mobile labs to schools, and set up monitoring systems to measure outcomes.","p1344 national primary education reform 48 higher education rajasthan train 2919 teachers, deploy mobile labs to schools, and set up monitoring systems to measure outcomes."
P1258,National Higher Education Education Reform 27,Early Childhood,West Bengal,2021,0.758,Increase vocational skills score by 25% within 5 years and reduce disparities between rural and urban areas.,p1258 national higher education education reform 27 early childhood west bengal increase vocational skills score by 25% within 5 years and reduce disparities between rural and urban areas.
P1309,National Secondary Education Reform 83,Higher Education,Punjab,2016,0.118,Increase teacher quality score by 22% within 1 years and reduce disparities between rural and urban areas.,p1309 national secondary education reform 83 higher education punjab increase teacher quality score by 22% within 1 years and reduce disparities between rural and urban areas.
P1150,National Higher Education Education Reform 27,Secondary,West Bengal,2023,0.144,"Introduce technology-enabled platforms for learning continuity, improve assessment methods, and strengthen governance.","p1150 national higher education education reform 27 secondary west bengal introduce technology-enabled platforms for learning continuity, improve assessment methods, and strengthen governance."
P1131,National Vocational Education Reform 65,Higher Education,Rajasthan,2021,0.648,"Introduce technology-enabled platforms for learning continuity, improve assessment methods, and strengthen governance.","p1131 national vocational education reform 65 higher education rajasthan introduce technology-enabled platforms for learning continuity, improve assessment methods, and strengthen governance."
P1152,State Vocational Education Reform 60,Higher Education,Uttar Pradesh,2019,0.176,"Introduce technology-enabled platforms for learning continuity, improve assessment methods, and strengthen governance.","p1152 state vocational education reform 60 higher education uttar pradesh introduce technology-enabled platforms for learning continuity, improve assessment methods, and strengthen governance."
P1360,National Secondary Education Reform 89,Vocational,Maharashtra,2018,0.125,Increase digital access score by 11% within 4 years and reduce disparities between rural and urban areas.,p1360 national secondary education reform 89 vocational maharashtra increase digital access score by 11% within 4 years and reduce disparities between rural and urban areas.
P1100,State Primary Education Reform 45,Vocational,Rajasthan,2020,0.264,"Introduce technology-enabled platforms for learning continuity, improve assessment methods, and strengthen governance.","p1100 state primary education reform 45 vocational rajasthan introduce technology-enabled platforms for learning continuity, improve assessment methods, and strengthen governance."
P1373,National Higher Education Education Reform 37,Higher Education,West Bengal,2021,0.87,"Train 3936 teachers, deploy learning kits to schools, and set up monitoring systems to measure outcomes.","p1373 national higher education education reform 37 higher education west bengal train 3936 teachers, deploy learning kits to schools, and set up monitoring systems to measure outcomes."
P1088,District Vocational Education Reform 41,Vocational,Kerala,2023,0.438,"Train 394 teachers, deploy mobile labs to schools, and set up monitoring systems to measure outcomes.","p1088 district vocational education reform 41 vocational kerala train 394 teachers, deploy mobile labs to schools, and set up monitoring systems to measure outcomes."
P1459,National Primary Education Reform 94,Secondary,Delhi,2019,0.68,"Introduce technology-enabled platforms for learning continuity, improve assessment methods, and strengthen governance.","p1459 national primary education reform 94 secondary delhi introduce technology-enabled platforms for learning continuity, improve assessment methods, and strengthen governance."
P1331,National Early Childhood Education Reform 55,Vocational,Maharashtra,2022,0.784,"Introduce technology-enabled platforms for learning continuity, improve assessment methods, and strengthen governance.","p1331 national early childhood education reform 55 vocational maharashtra introduce technology-enabled platforms for learning continuity, improve assessment methods, and strengthen governance."
P1215,State Secondary Education Reform 39,Primary,Karnataka,2023,0.107,"Train 3576 teachers, deploy mobile labs to schools, and set up monitoring systems to measure outcomes.","p1215 state secondary education reform 39 primary karnataka train 3576 teachers, deploy mobile labs to schools, and set up monitoring systems to measure outcomes."
P1467,National Higher Education Education Reform 99,Higher Education,Maharashtra,2020,0.965,Increase learning outcomes score by 17% within 4 years and reduce disparities between rural and urban areas.,p1467 national higher education education reform 99 higher education maharashtra increase learning outcomes score by 17% within 4 years and reduce disparities between rural and urban areas.
P1122,National Vocational Education Reform 73,Vocational,Rajasthan,2023,0.582,"Train 3532 teachers, deploy tablets to schools, and set up monitoring systems to measure outcomes.","p1122 national vocational education reform 73 vocational rajasthan train 3532 teachers, deploy tablets to schools, and set up monitoring systems to measure outcomes."
P1500,State Higher Education Education Reform 35,Higher Education,Punjab,2015,0.495,Increase learning outcomes score by 35% within 5 years and reduce disparities between rural and urban areas.,p1500 state higher education education reform 35 higher education punjab increase learning outcomes score by 35% within 5 years and reduce disparities between rural and urban areas.
P1021,National Secondary Education Reform 61,Early Childhood,Maharashtra,2022,0.231,Increase vocational skills score by 38% within 4 years and reduce disparities between rural and urban areas.,p1021 national secondary education reform 61 early childhood maharashtra increase vocational skills score by 38% within 4 years and reduce disparities between rural and urban areas.
P1189,District Higher Education Education Reform 89,Early Childhood,Tamil Nadu,2024,0.104,"Train 2316 teachers, deploy mobile labs to schools, and set up monitoring systems to measure outcomes.","p1189 district higher education education reform 89 early childhood tamil nadu train 2316 teachers, deploy mobile labs to schools, and set up monitoring systems to measure outcomes."
P1072,National Primary Education Reform 26,Primary,Kerala,2019,0.355,"Train 1069 teachers, deploy mobile labs to schools, and set up monitoring systems to measure outcomes.","p1072 national primary education reform 26 primary kerala train 1069 teachers, deploy mobile labs to schools, and set up monitoring systems to measure outcomes."
P1107,State Primary Education Reform 82,Primary,Tamil Nadu,2016,0.896,"Train 2270 teachers, deploy tablets to schools, and set up monitoring systems to measure outcomes.","p1107 state primary education reform 82 primary tamil nadu train 2270 teachers, deploy tablets to schools, and set up monitoring systems to measure outcomes."
P1271,State Secondary Education Reform 83,Vocational,Maharashtra,2017,0.912,Increase vocational skills score by 21% within 4 years and reduce disparities between rural and urban areas.,p1271 state secondary education reform 83 vocational maharashtra increase vocational skills score by 21% within 4 years and reduce disparities between rural and urban areas.
P1349,District Early Childhood Education Reform 53,Vocational,Uttar Pradesh,2021,0.871,"Introduce technology-enabled platforms for learning continuity, improve assessment methods, and strengthen governance.","p1349 district early childhood education reform 53 vocational uttar pradesh introduce technology-enabled platforms for learning continuity, improve assessment methods, and strengthen governance."
P1436,National Secondary Education Reform 3,Higher Education,Rajasthan,2022,0.855,"Introduce technology-enabled platforms for learning continuity, improve assessment methods, and strengthen governance.","p1436 national secondary education reform 3 higher education rajasthan introduce technology-enabled platforms for learning continuity, improve assessment methods, and strengthen governance."
P1103,National Higher Education Education Reform 41,Vocational,Karnataka,2024,0.932,Increase early childhood development score by 26% within 2 years and reduce disparities between rural and urban areas.,p1103 national higher education education reform 41 vocational karnataka increase early childhood development score by 26% within 2 years and reduce disparities between rural and urban areas.
